Name,Team,GS,IP,Balls,Strikes,Pitches,FB%,FBv,SL%,SLv,CT%,CTv,CB%,CBv,CH%,CHv,SF%,SFv,KN%,KNv
Aaron Thompson,Pirates,1,4.1,28,40,68,57.40,88.30,11.8,84.10,,,,,30.9,82.20,,,,
Jim Johnson,Angels,1,1.1,11,14,25,68.0,93.90,,,,,16.0,79.50,16.0,88.30,,,,
Enny Romero,Rays,1,4.2,32,38,70,78.6,93.90,10.0,82.40,,,,,11.4,84.80,,,,
Matt Albers,White Sox,1,2,9,16,25,88.0,92.10,12.0,87.00,,,,,,,,,,
Jeurys Familia,Mets,1,4,42,33,75,74.7,95.30,18.7,83.10,,,,,6.7,87.80,,,,
Gonzalez Germen,Rockies,1,3,12,22,34,61.8,93.70,8.8,87.00,,,,,29.4,85.30,,,,
Dellin Betances,Yankees,1,2,21,23,44,61.4,93.20,,,,,25.0,83.50,13.6,86.50,,,,
Nick Vincent,Mariners,1,2,9,17,26,69.2,89.70,,,26.9,87.40,,,3.9,84.00,,,,
Dan Jennings,Brewers,1,0.1,1,2,3,33.3,92.00,66.7,83.00,,,,,,,,,,
Nick Greenwood,Cardinals,1,3,12,24,36,63.9,87.30,19.4,79.60,,,5.6,72.00,11.1,81.30,,,,
John Axford,Blue Jays,1,3,14,24,38,68.4,95.00,,,5.3,91.50,26.3,80.00,,,,,,
Alex Wilson,Tigers,1,3,14,29,43,62.8,92.10,2.3,85.00,27.9,86.80,,,7.0,87.00,,,,
Matt Grace,Nationals,1,4.1,20,32,52,75.0,90.40,17.3,82.60,,,,,7.7,85.50,,,,
Tony Zych,Mariners,1,2.2,12,27,39,51.3,95.50,43.6,83.70,,,,,5.1,85.50,,,,
Connor Sadzeck,Rangers,2,2,18,18,36,52.8,97.20,38.9,88.60,,,8.3,78.70,,,,,,
Lou Trivino,Athletics,1,1,4,7,11,45.5,97.80,,,45.5,94.40,9.1,82.00,,,,,,
Kyle McGowin,Nationals,1,4,34,34,68,64.7,90.90,25.0,81.60,,,,,10.3,83.00,,,,
Rob Zastryzny,Cubs,1,3.2,23,34,57,59.7,89.40,,,21.1,84.50,15.8,78.40,3.5,82.00,,,,
Tyler Danish,White Sox,1,5,43,61,104,53.9,89.70,10.6,81.30,12.5,84.20,7.7,76.80,15.4,79.10,,,,
Jonathan Holder,Yankees,1,1,10,9,19,68.4,91.90,26.3,80.00,,,,,5.3,85.00,,,,
Jeffrey Springs,Rangers,2,5,26,50,76,61.8,91.40,15.8,82.10,,,,,22.4,78.90,,,,
Matthew Festa,Mariners,1,1,5,8,13,61.5,92.80,30.8,87.50,,,7.7,81.00,,,,,,
Bryse Wilson,Braves,1,5,35,52,87,71.3,95.00,14.9,82.60,,,,,13.8,86.60,,,,
Jason Lane,Padres,1,6,24,68,92,52.2,85.50,9.8,76.90,,,2.2,73.50,35.9,78.10,,,,
Wilmer Font,Rays,5,21,130,214,344,64.8,94.80,13.7,82.60,,,12.2,75.70,,,9.3,85.30,,
Zach Kroenke,Diamondbacks,1,5,28,43,71,78.9,90.70,2.8,81.50,,,,,18.3,84.00,,,,
Ian Thomas,Dodgers,1,5,32,49,81,58.0,90.20,12.4,86.70,,,9.9,71.30,19.8,79.80,,,,
Ryan Merritt,Indians,5,24.2,125,236,361,33.2,87.00,,,26.3,84.90,14.1,71.90,26.3,81.40,,,,
Red Patterson,Dodgers,1,4.2,37,50,87,58.6,87.40,6.9,81.30,,,11.5,75.40,23.0,78.70,,,,
Alex Reyes,Cardinals,6,32.2,214,349,563,61.6,95.70,8.9,83.70,,,7.3,77.50,22.2,87.40,,,,
Craig Breslow,Red Sox,2,9.1,45,76,121,44.6,89.80,,,22.3,84.90,6.6,72.60,26.5,78.60,,,,
Clayton Kershaw,Dodgers,265,1817.2,8942,17875,26817,57.6,92.90,28.0,86.40,,,12.6,73.60,1.8,84.50,,,,
B.J. Rosenberg,Phillies,1,4,16,38,54,68.5,96.20,18.5,85.20,,,,,13.0,88.00,,,,
Steve Geltz,Rays,2,4,18,36,54,64.8,92.30,25.9,81.10,,,,,9.3,81.80,,,,
Eric Jokisch,Cubs,1,4,45,41,86,61.6,89.80,10.5,84.40,,,3.5,74.00,24.4,79.30,,,,
J.R. Graham,Twins,1,4,18,45,63,71.4,95.40,23.8,84.10,,,,,4.8,83.00,,,,
Duane Underwood Jr.,Cubs,1,4,30,47,77,53.3,92.40,,,,,19.5,74.50,27.3,85.00,,,,
Walker Buehler,Dodgers,23,136.1,701,1437,2138,59.8,96.20,13.5,87.00,9.3,91.70,13.9,80.30,3.6,90.00,,,,
Joshua James,Astros,3,15.1,88,155,243,60.9,96.90,16.1,85.40,,,2.9,82.00,20.2,88.40,,,,
Tyler Thornburg,Brewers,10,57,351,573,924,59.8,92.00,,,,,24.1,76.50,16.2,81.90,,,,
Jose Fernandez,Marlins,76,471.1,2464,4864,7328,55.1,95.20,21.3,83.70,,,12.6,81.40,11.0,87.90,,,,
Framber Valdez,Astros,5,24.1,197,230,427,70.7,92.00,,,,,27.9,79.80,1.4,87.30,,,,
Shawn Hill,Blue Jays,4,20.2,139,222,361,63.0,88.60,1.2,83.50,,,4.6,74.40,31.2,80.00,,,,
Diego Castillo,Rays,11,17,82,184,266,58.7,99.30,41.4,90.40,,,,,,,,,,
Jacob deGrom,Mets,139,897.2,4541,9404,13945,57.7,94.70,19.8,89.50,,,9.5,81.20,13.0,86.80,,,,
Daniel Poncedeleon,Cardinals,4,19.1,123,242,365,63.3,93.00,,,16.7,89.30,2.7,76.70,17.3,82.70,,,,
Dereck Rodriguez,Giants,19,112,632,1120,1752,53.0,91.30,11.6,85.80,,,19.0,75.40,16.3,84.30,,,,
Justin Duchscherer,Athletics,5,28,170,269,439,43.2,84.60,,,29.2,80.30,26.9,68.90,0.7,79.30,,,,
Chris Sale,- - -,207,1387,7143,14558,21701,53.7,93.50,26.6,79.10,,,0.0,75.00,19.7,85.00,,,,
Max Fried,Braves,9,40,271,392,663,61.8,92.40,,,,,25.9,73.80,12.2,83.80,,,,
Noah Syndergaard,Mets,86,517.1,2740,5429,8169,57.8,97.50,15.4,91.30,,,13.0,81.80,13.8,89.50,0.0,92.00,,
Cliff Lee,- - -,134,960,4171,9837,14008,56.5,91.10,0.9,80.00,20.3,86.60,8.2,74.70,14.1,84.30,,,,
Blake Snell,Rays,74,399,2701,4211,6912,54.1,94.70,11.3,85.80,,,15.1,79.70,19.5,86.50,,,,
Rich Hill,- - -,73,406.2,2149,4406,6555,53.6,89.50,5.3,75.70,1.4,85.10,38.5,74.10,1.3,83.10,,,,
Matt Belisle,Rockies,1,3,12,37,49,75.5,89.80,20.4,86.00,,,4.1,72.00,,,,,,
Blake Treinen,Nationals,7,36,178,335,513,77.6,94.50,13.4,83.60,,,,,9.0,85.30,,,,
Jonathan Loaisiga,Yankees,4,18,126,227,353,53.3,95.90,0.3,88.00,,,34.6,84.50,11.9,87.80,,,,
Neftali Feliz,Rangers,7,41.2,302,419,721,65.9,94.70,15.3,83.30,,,5.0,78.60,13.9,86.30,,,,
Johnny Cueto,- - -,231,1495,8376,15095,23471,51.4,92.40,13.9,84.10,15.9,87.60,3.2,80.40,15.6,83.00,,,,
Madison Bumgarner,Giants,251,1628.1,8604,16765,25369,45.6,91.50,33.9,87.00,,,14.3,76.40,6.2,83.70,,,,
Bobby Cramer,Athletics,4,23.2,127,240,367,44.2,87.90,,,17.6,86.50,36.5,76.20,1.7,77.20,,,,
Corey Kluber,Indians,196,1296.2,6469,12928,19397,48.5,92.70,,,26.3,88.90,18.9,83.40,6.3,85.00,,,,
Kyle Hendricks,Cubs,132,787,4216,7916,12132,64.4,87.30,,,2.2,86.20,7.7,74.50,25.7,79.30,,,,
Stephen Fife,Dodgers,16,86,503,872,1375,53.3,89.30,8.2,84.40,,,26.7,77.80,11.9,84.40,,,,
Stephen Strasburg,Nationals,206,1229.2,6709,12776,19485,59.0,95.30,4.3,88.90,,,19.7,81.10,17.0,88.50,,,,
Max Scherzer,- - -,292,1891.1,10139,20332,30471,56.9,93.70,18.6,85.30,1.5,88.70,5.7,78.10,17.4,84.20,,,,
Justin Verlander,- - -,287,1919,10679,20653,31332,57.6,94.20,14.7,86.60,0.1,91.30,16.1,79.40,11.6,85.20,,,,
Tim Cooney,Cardinals,6,31.1,185,296,481,48.6,89.60,8.7,81.20,,,20.1,74.40,22.6,82.20,,,,
Matt Fox,Twins,1,5.2,35,55,90,65.9,89.60,25.0,84.70,,,6.8,77.30,2.3,83.50,,,,
David Price,- - -,265,1770.1,9201,18438,27639,58.5,94.10,1.9,88.30,13.7,88.50,9.4,78.80,16.4,84.60,,,,
Zack Greinke,- - -,278,1775.1,10048,17762,27810,52.8,91.80,16.6,84.90,3.0,87.60,12.7,73.10,14.9,86.90,,,,
Hyun-Jin Ryu,Dodgers,96,553.2,3163,5754,8917,47.3,90.50,10.3,82.50,7.6,86.90,13.2,72.30,21.5,80.70,,,,
Roy Halladay,Phillies,103,702.2,3453,7083,10536,27.6,91.70,,,39.0,90.20,19.1,77.10,3.9,84.20,10.5,82.40,,
Brad Keller,Royals,20,118,706,1179,1885,69.1,93.70,26.7,85.50,,,,,4.2,88.20,,,,
Felix Hernandez,Mariners,265,1747.1,9479,17243,26722,50.3,92.20,8.9,85.00,0.0,86.00,17.3,80.30,23.6,88.30,,,,
Cole Hamels,- - -,278,1813.1,9841,18463,28304,48.3,92.00,,,18.5,88.50,10.6,77.80,22.6,83.50,,,,
Miguel Batista,- - -,11,52,374,527,901,62.6,91.70,,,30.5,85.10,0.9,75.60,6.1,81.40,,,,
Mike Clevinger,Indians,63,355,2256,3726,5982,54.0,93.20,19.8,80.50,,,11.1,75.30,15.1,87.20,,,,
Cory Luebke,Padres,25,147.1,875,1641,2516,68.3,91.40,18.0,84.00,,,3.8,76.70,9.9,84.70,,,,
Shohei Ohtani,Angels,10,51.2,328,525,853,46.4,96.70,24.6,81.50,,,6.6,73.90,,,22.4,87.30,,
Alex Wood,- - -,129,753.1,4125,7683,11808,55.2,90.10,,,,,23.9,81.30,20.9,83.50,,,,
Touki Toussaint,Braves,5,27,180,256,436,54.1,93.20,,,,,25.5,75.50,,,20.4,84.50,,
Chris Carpenter,Cardinals,72,489.1,2648,4773,7421,50.5,91.90,23.1,87.20,,,23.4,74.50,3.1,84.80,,,,
Aaron Nola,Phillies,93,569,2955,5835,8790,54.2,91.50,,,,,30.6,77.30,15.1,83.90,,,,
Hiroki Kuroda,- - -,160,1018.1,5805,10054,15859,52.1,91.80,26.2,83.70,0.5,89.80,3.6,77.00,,,17.6,86.60,,
Kris Medlen,- - -,72,434,2276,4332,6608,58.4,89.80,0.0,83.00,3.0,86.00,16.6,77.30,22.1,81.80,,,,
Carlos Martinez,Cardinals,118,712.1,3957,7269,11226,55.9,95.30,22.9,85.00,2.6,90.50,2.4,81.00,16.2,87.10,,,,
Brandon Beachy,- - -,48,275.2,1669,2966,4635,61.3,91.40,16.9,82.30,,,9.9,73.10,11.9,80.40,,,,
Gerrit Cole,- - -,159,982.2,5401,10255,15656,63.0,95.90,17.7,87.90,,,13.1,82.20,6.1,88.10,,,,
Hisashi Iwakuma,Mariners,136,853.1,4051,8379,12430,48.8,88.80,19.4,81.00,2.4,85.00,6.4,71.80,,,23.1,84.50,,
Daniel Corcino,Reds,3,16,111,149,260,60.8,88.90,29.6,81.10,,,,,9.6,83.60,,,,
Ryne Stanek,Rays,29,40,250,427,677,61.2,97.80,24.7,89.10,,,,,,,14.2,87.90,,
Adam Wainwright,Cardinals,199,1283,6898,12731,19629,42.5,90.40,4.9,85.50,21.1,86.40,27.4,74.00,4.3,83.00,,,,
Alexi Ogando,Rangers,48,267.2,1579,2750,4329,62.5,94.50,28.7,81.00,,,,,8.9,85.50,,,,
Josh Johnson,- - -,84,516.2,3161,5382,8543,59.3,93.70,24.8,87.20,,,9.0,78.60,6.9,87.20,,,,
Tsuyoshi Wada,Cubs,20,100.2,591,1071,1662,59.5,88.80,18.5,81.30,0.9,85.40,4.8,72.90,16.3,81.30,,,,
Kyle Freeland,Rockies,61,352,2134,3582,5716,57.3,91.80,4.4,80.20,27.3,86.00,,,11.0,85.80,,,,
Jaime Barria,Angels,26,129.1,823,1348,2171,49.6,91.20,36.3,81.80,,,,,14.1,82.60,,,,
James Paxton,Mariners,102,582.1,3334,6164,9498,65.3,95.40,,,11.0,89.30,18.4,81.20,5.3,87.00,,,,
Andy Pettitte,Yankees,63,389.2,2117,3910,6027,53.0,88.80,,,25.9,82.80,13.6,74.90,7.5,80.10,,,,
Jarlin Garcia,Marlins,7,34,202,318,520,52.3,92.10,21.5,85.00,,,,,26.2,85.40,,,,
Sandy Alcantara,Marlins,6,34,222,345,567,60.1,95.50,19.9,85.90,,,6.9,82.20,13.1,89.20,,,,
Garrett Richards,Angels,115,681.2,4093,6831,10924,61.7,95.50,30.6,87.30,,,6.1,79.20,1.6,87.10,,,,
Jon Lester,- - -,289,1808,10965,18658,29623,51.8,92.20,,,25.4,88.80,14.3,75.60,8.5,85.20,,,,
Dallas Braden,Athletics,33,210.2,1049,2052,3101,57.0,86.70,10.9,74.40,5.6,83.60,0.0,,26.5,72.30,,,,
Yu Darvish,- - -,139,872.1,5237,9065,14302,48.8,93.20,22.7,81.80,14.4,89.10,9.2,73.60,2.0,86.60,3.0,88.80,,
Gio Gonzalez,- - -,283,1681.1,10961,17401,28362,63.8,91.70,,,,,22.6,77.90,13.7,83.40,,,,
Michael Soroka,Braves,5,25.2,147,258,405,68.3,92.60,22.3,85.30,,,,,9.4,82.20,,,,
Tim Hudson,- - -,169,1064.2,5675,10107,15782,57.6,89.80,20.2,84.10,2.6,89.00,8.6,75.80,2.2,80.80,8.9,81.70,,
Chad Gaudin,Giants,12,66.1,404,641,1045,66.6,90.30,23.0,79.10,,,,,10.4,85.00,,,,
Trevor Williams,Pirates,57,313.1,1806,3192,4998,70.5,91.20,15.4,82.70,,,1.1,76.60,13.0,83.90,,,,
Micah Owings,Diamondbacks,4,20.1,87,209,296,1.4,86.00,10.8,81.10,76.4,86.40,,,11.5,79.50,,,,
Mat Latos,- - -,179,1092.2,6087,11146,17233,59.7,92.30,22.2,85.00,0.1,89.00,9.9,77.70,6.4,82.80,1.9,80.60,,
Alex Colome,Rays,19,103.2,628,1027,1655,57.8,94.00,21.6,87.10,,,5.8,78.30,14.8,85.70,,,,
Jered Weaver,- - -,221,1395.2,7908,14112,22020,53.6,87.00,14.4,79.00,,,15.9,70.00,16.2,77.40,,,,
Masahiro Tanaka,Yankees,132,824.1,4109,8333,12442,31.3,91.50,27.1,83.90,8.0,89.00,5.7,76.00,0.4,84.30,27.6,87.10,,
Jake Arrieta,- - -,222,1320.1,7906,13405,21311,58.4,93.30,4.6,86.40,15.8,89.50,14.3,79.30,6.9,87.40,,,,
Lance Lynn,- - -,190,1095.2,7173,11676,18849,77.7,92.30,9.9,87.20,,,9.1,79.20,3.3,84.40,,,,
Matt Chico,Nationals,1,5,28,51,79,61.8,86.80,19.7,79.90,,,,,18.4,81.50,,,,
Casey Sadler,Pirates,1,5,26,51,77,70.1,90.70,18.2,85.70,,,,,11.7,84.20,,,,
C.J. Wilson,- - -,186,1149.2,7589,11762,19351,51.4,91.00,12.6,82.90,13.1,88.20,13.2,77.10,9.7,84.40,,,0.0,79.50
Dallas Keuchel,Astros,183,1168,6815,11402,18217,54.9,89.20,19.1,79.10,11.1,86.40,1.9,73.20,13.1,78.70,,,,
Tanner Roark,Nationals,141,858,5084,8798,13882,62.0,91.80,14.6,84.90,0.5,89.30,12.4,75.60,10.6,83.20,,,,
Jose Quintana,- - -,215,1307,7951,13550,21501,59.5,91.60,,,6.6,88.50,24.5,78.50,9.3,85.80,,,,
Miles Mikolas,- - -,42,258,1235,2700,3935,51.7,93.60,23.7,87.70,,,19.1,78.00,4.5,86.80,1.0,89.20,,
Julio Teheran,Braves,193,1177.2,6605,12006,18611,61.5,90.90,21.3,81.10,,,9.1,72.70,8.0,82.10,,,,
Jameson Taillon,Pirates,75,428.2,2368,4464,6832,61.0,95.00,7.9,89.80,,,23.3,81.30,7.7,87.70,,,,
Mark Rogers,Brewers,9,47,318,481,799,65.2,93.60,21.6,83.40,,,10.9,79.10,2.4,81.70,,,,
Daniel Hudson,- - -,58,367,2019,3724,5743,62.8,93.00,14.5,86.50,0.7,88.30,0.2,74.10,21.8,83.40,,,,
R.A. Dickey,- - -,252,1627.2,8468,16523,24991,14.6,83.00,,,,,0.1,70.30,2.0,72.40,,,83.4,76.20
Luis Severino,Yankees,85,494.2,2772,5398,8170,51.3,97.10,35.2,88.40,,,,,13.5,87.90,,,,
Tim Stauffer,Padres,42,238,1441,2404,3845,50.5,90.60,4.1,86.10,23.1,85.90,12.2,76.80,10.1,80.60,,,,
Johan Santana,Mets,50,316,1689,3255,4944,58.6,89.00,16.7,81.20,,,,,24.7,78.60,,,,
Clay Buchholz,- - -,172,1060,5999,10596,16595,46.2,92.30,3.2,90.00,18.9,88.20,14.8,77.40,15.4,80.50,1.7,85.60,,
Jarrod Parker,- - -,62,384,2229,3668,5897,63.5,92.00,13.6,82.90,,,1.1,75.40,21.8,81.30,,,,
Carlos Carrasco,Indians,166,1010,5235,10299,15534,52.2,93.90,19.0,86.00,,,12.3,82.10,16.5,87.90,,,,
Andrew Kittredge,Rays,3,7.1,46,80,126,46.8,93.30,49.2,83.90,,,,,4.0,87.40,,,,
Kyle McPherson,Pirates,3,14.2,96,152,248,65.2,92.30,,,,,23.5,76.90,11.3,83.20,,,,
Michael Wacha,Cardinals,127,724.2,4159,7644,11803,54.4,93.90,,,14.4,89.90,11.4,75.50,19.8,86.20,,,,
Lance McCullers Jr.,Astros,80,451.1,2834,4714,7548,43.7,94.20,0.1,88.20,,,44.4,85.30,11.8,88.20,,,,
Sonny Gray,- - -,146,879.1,5178,8672,13850,55.0,93.00,12.8,85.50,4.2,92.60,19.4,81.20,8.6,88.20,,,,
Chris Archer,- - -,187,1109.2,6648,11754,18402,53.7,94.80,38.0,87.70,,,0.3,81.60,8.1,86.20,,,,
Aaron Sanchez,Blue Jays,69,399,2519,3872,6391,72.1,94.40,0.4,87.40,0.2,93.30,14.7,78.60,12.6,88.50,,,,
Zack Wheeler,Mets,95,554,3518,5962,9480,62.5,95.10,17.3,89.20,,,12.7,78.70,5.1,87.90,2.4,89.60,,
Doug Fister,- - -,216,1334,7408,13687,21095,60.2,88.30,13.8,84.80,0.0,85.00,14.4,73.40,11.7,80.80,,,,
Tony Cingrani,Reds,30,159.2,1081,1700,2781,78.5,91.50,7.6,79.10,,,4.5,75.80,9.5,85.30,,,,
Roy Oswalt,- - -,70,423.1,2192,4446,6638,57.5,91.90,11.9,84.20,,,13.7,71.60,17.0,82.40,,,,
Jack Flaherty,Cardinals,33,171.1,1086,1843,2929,55.6,92.70,29.2,83.80,,,11.4,77.30,3.7,86.00,,,,
Matt Harvey,- - -,128,757.1,4084,7940,12024,59.6,94.90,18.7,89.10,,,10.1,83.00,11.6,87.10,,,,
Matt Cain,Giants,194,1199.2,6812,12262,19074,53.8,91.00,17.9,85.80,0.3,88.50,13.9,77.10,14.2,85.10,,,,
Alex Cobb,- - -,143,852.1,4853,8662,13515,47.5,91.30,,,,,23.6,80.30,29.0,86.00,,,,
Matt Harrison,Rangers,77,475,2897,4776,7673,64.3,92.00,9.1,86.30,,,12.7,78.00,13.9,82.40,,,,
Ross Stripling,Dodgers,37,187,1055,1980,3035,44.0,91.10,23.2,86.80,,,22.1,79.30,10.6,83.40,,,,
Chad Jenkins,Blue Jays,6,28.2,167,280,447,71.8,89.70,10.5,83.60,,,,,17.8,81.70,,,,
Aaron Wilkerson,Brewers,3,14.1,80,137,217,54.4,89.20,17.5,82.80,,,18.9,74.50,9.2,83.10,,,,
Jordan Zimmermann,- - -,234,1396.1,7013,14598,21611,60.2,93.10,23.5,86.80,,,13.0,79.30,3.1,86.60,0.3,87.60,,
Wandy Rodriguez,- - -,128,763,4574,7939,12513,55.8,89.20,0.0,,,,34.4,75.60,9.8,83.40,,,,
Julio Urias,Dodgers,20,92.2,627,1053,1680,55.0,92.70,14.5,85.20,,,14.9,76.20,15.6,80.50,,,,
CC Sabathia,Yankees,250,1580.2,8650,16163,24813,47.6,91.80,24.2,80.50,10.9,89.00,2.8,77.90,14.4,84.90,0.0,93.00,,
Ted Lilly,- - -,76,458,2287,4763,7050,54.2,87.10,17.0,81.70,,,11.2,70.70,17.6,78.70,,,,
Michael Fulmer,Tigers,75,456,2520,4584,7104,58.9,95.50,24.0,87.80,,,0.2,78.60,17.0,87.20,,,,
Ervin Santana,- - -,244,1561.2,8953,15379,24332,55.0,92.40,36.2,83.20,,,0.1,77.50,8.7,85.10,,,,
Henderson Alvarez,- - -,95,577.2,2965,5534,8499,67.4,93.20,11.8,83.10,1.5,88.90,0.9,64.50,18.3,87.70,,,,
Jhoulys Chacin,- - -,201,1162.1,7034,11590,18624,56.4,90.40,26.1,80.70,1.2,87.20,7.1,77.70,8.4,83.20,0.7,86.30,,
Mark Buehrle,- - -,192,1222.1,6685,12038,18723,46.8,84.70,3.7,79.20,17.4,81.10,9.4,71.70,22.7,78.60,,,,
Jaime Garcia,- - -,187,1092.2,6033,10655,16688,58.3,90.00,3.1,81.90,14.9,84.30,7.5,73.20,16.3,82.40,,,,
Danny Salazar,Indians,104,581.2,3502,6359,9861,68.4,94.90,8.3,85.80,,,3.6,80.40,19.7,85.60,,,,
Jordan Montgomery,Yankees,35,182.2,1076,1904,2980,41.7,91.70,12.2,86.00,,,26.3,80.40,19.7,84.20,,,,
Kenta Maeda,Dodgers,77,409.2,2353,4398,6751,43.4,90.90,26.9,82.80,3.0,87.30,15.4,74.20,11.3,83.40,,,,
Marcus Stroman,Blue Jays,108,654.2,3712,6522,10234,56.8,92.90,16.2,86.60,10.5,90.40,10.7,82.50,5.9,84.00,,,,
Shelby Miller,- - -,124,704.2,4091,7475,11566,68.2,93.70,,,12.8,87.80,15.3,78.40,3.6,85.70,,,,
Andrew Chafin,Diamondbacks,3,14,109,149,258,68.5,90.70,18.3,80.00,,,,,13.2,82.00,,,,
Gabriel Moya,Twins,6,7,54,89,143,39.2,89.20,9.1,81.40,,,8.4,80.40,43.4,81.50,,,,
Dietrich Enns,Twins,1,2.1,16,37,53,62.3,89.50,24.5,79.90,,,,,13.2,81.00,,,,
Ryan Borucki,Blue Jays,17,97.2,589,993,1582,58.7,91.50,18.0,79.90,,,,,23.3,83.40,,,,
Chase Anderson,- - -,133,716,4326,7487,11813,56.9,91.80,,,6.0,88.90,16.4,77.10,20.7,82.00,,,,
Raisel Iglesias,Reds,21,120.2,697,1297,1994,57.8,91.40,29.8,81.80,,,,,12.5,85.10,,,,
Adam Warren,- - -,21,111.1,710,1144,1854,48.2,92.20,25.6,86.60,,,10.1,79.00,16.1,84.00,,,,
Tyson Ross,- - -,135,773.1,4967,7822,12789,54.1,92.70,37.8,85.80,4.9,89.50,,,3.3,86.50,,,,
Jerad Eickhoff,Phillies,66,379.2,2182,3774,5956,52.5,90.80,17.0,82.90,,,26.8,75.60,3.8,83.80,,,,
Brett Myers,- - -,69,453.2,2505,4498,7003,46.8,88.80,23.2,83.00,,,21.3,75.80,8.6,82.60,,,,
Luis Castillo,Reds,46,259,1507,2755,4262,59.0,96.40,15.9,84.00,,,,,25.1,86.60,,,,
Junior Guerra,Brewers,60,320.2,2025,3208,5233,66.0,92.90,14.7,82.50,,,,,,,19.3,85.30,,
Chad Billingsley,- - -,97,578.1,3532,5962,9494,56.4,91.40,3.1,84.10,18.5,88.10,17.0,76.00,5.1,85.10,,,,
Yordano Ventura,Royals,93,546,3369,5532,8901,60.1,96.50,,,3.1,93.40,21.1,83.30,15.8,86.90,,,,
Dan Haren,- - -,193,1191,6703,12413,19116,38.2,88.80,,,38.3,85.00,8.7,77.60,,,14.7,83.90,,
Matt Shoemaker,Angels,93,529.1,2914,5341,8255,51.4,90.90,15.8,82.10,,,5.1,75.70,0.1,84.00,27.6,84.40,,
Jarred Cosart,- - -,72,386.1,2677,3942,6619,71.1,93.50,0.7,79.80,,,22.5,78.50,5.7,82.90,,,,
Sean Manaea,Athletics,80,459,2413,4746,7159,57.6,91.50,14.8,79.50,,,,,27.6,83.40,,,,
Ryan Vogelsong,- - -,146,836.2,5170,8630,13800,51.4,90.70,,,17.9,87.60,18.8,76.50,11.8,83.30,,,,
Chris Bassitt,- - -,30,168.2,1051,1810,2861,54.5,92.60,22.5,85.20,,,16.2,71.50,6.9,83.20,,,,
Anibal Sanchez,- - -,237,1407.2,8195,14789,22984,49.6,91.70,18.8,85.30,3.7,88.70,8.7,77.40,19.3,83.70,,,,
Shaun Marcum,- - -,103,618.2,3565,6324,9889,37.0,86.70,8.8,80.20,18.3,84.40,12.2,72.60,23.8,80.00,,,,
Josh Collmenter,- - -,78,454.2,2501,4688,7189,68.5,86.30,,,,,6.4,70.90,25.2,77.30,,,,
Jeff Karstens,Pirates,60,345.1,1657,3379,5036,53.8,89.00,16.2,79.60,1.0,85.80,16.8,71.00,12.1,80.30,,,,
Brandon McCarthy,- - -,141,845,4129,8676,12805,48.3,92.00,1.2,83.90,28.2,90.50,20.3,80.20,1.9,84.90,0.1,83.50,,
Drew Smyly,- - -,85,483,2871,5267,8138,54.2,90.30,5.8,79.80,14.7,84.90,20.2,76.60,5.1,80.90,,,,
Jayson Aquino,Orioles,2,11.1,63,113,176,45.5,88.70,24.4,85.10,,,9.1,77.00,21.0,80.80,,,,
Jake Odorizzi,- - -,158,859.2,5658,9659,15317,54.8,91.20,10.5,83.00,7.4,86.00,4.9,71.30,22.4,84.40,,,,
Trevor Bauer,- - -,150,882,5662,9191,14853,49.4,93.60,9.8,83.10,9.3,87.40,20.2,78.20,8.8,85.50,2.5,86.50,,
Steven Matz,Mets,71,388.2,2327,4265,6592,61.1,93.50,7.8,87.60,,,17.6,78.20,13.6,83.80,,,,
Mike Fiers,- - -,153,863,5078,9165,14243,50.8,89.30,4.1,81.90,11.1,86.10,18.1,72.80,16.0,82.70,,,,
Patrick Corbin,Diamondbacks,154,908,5036,9078,14114,59.5,91.70,30.5,80.90,,,2.0,72.50,8.0,82.80,,,,
J.A. Happ,- - -,231,1316,8392,14283,22675,68.8,91.40,12.1,84.50,,,8.0,77.30,11.1,84.00,,,,
Mike Leake,- - -,264,1627.1,8565,15820,24385,44.8,89.90,11.3,81.00,23.5,88.80,9.6,78.50,10.7,83.90,,,,
Dustin Moseley,- - -,30,176,1066,1685,2751,49.3,88.90,4.4,85.10,13.8,86.30,20.2,77.10,12.3,83.20,,,,
John Gant,- - -,28,135.1,827,1463,2290,56.1,92.80,4.7,83.90,,,14.3,75.80,24.9,81.40,,,,
Brett Oberholtzer,- - -,44,250.1,1363,2630,3993,56.7,89.60,,,2.5,82.50,17.1,79.10,23.7,80.70,,,,
Danny Duffy,Royals,158,889.2,5379,9565,14944,59.6,93.50,15.7,82.70,,,9.0,76.60,15.8,84.00,,,,
Taijuan Walker,- - -,93,518,3091,5516,8607,61.6,94.00,4.9,86.60,6.2,89.30,10.7,75.40,16.7,88.50,,,,
Brad Peacock,- - -,68,351.1,2296,3824,6120,56.9,92.20,21.9,82.40,,,14.0,76.20,7.1,80.50,,,,
Andrew Cashner,- - -,165,949.2,5653,9809,15462,65.0,93.90,16.3,85.70,,,6.1,80.90,12.5,84.70,,,,
Felix Pena,Angels,17,90,496,866,1362,58.1,92.40,,,,,34.9,82.00,7.1,85.20,,,,
Collin McHugh,- - -,111,645.2,3771,6879,10650,38.9,90.60,22.1,85.90,9.7,86.70,24.8,72.70,4.6,83.20,,,,
Jon Niese,- - -,189,1131.1,6320,11695,18015,51.4,89.70,0.4,80.20,23.8,87.00,16.9,74.40,7.6,82.80,,,,
Robbie Ray,- - -,113,613.2,4047,6869,10916,64.2,93.70,19.1,84.30,,,11.6,82.00,5.0,84.80,,,,
Steven Wright,Red Sox,44,263,1543,2654,4197,14.0,83.30,,,,,2.1,66.30,,,,,83.8,73.30
Tommy Hanson,- - -,100,575,3510,6027,9537,54.6,91.10,28.9,82.00,,,13.8,73.90,2.8,81.50,,,,
Tyler Matzek,Rockies,24,139,837,1310,2147,51.2,92.60,30.9,83.60,,,5.3,79.60,12.5,88.60,,,,
James Shields,- - -,287,1840,10969,18614,29583,39.9,91.20,0.2,80.90,20.1,86.80,17.3,77.90,22.6,84.30,,,,
Carlos Rodon,White Sox,83,488,3206,5049,8255,61.3,93.20,27.3,86.30,,,,,11.4,84.20,,,,
Gabriel Ynoa,- - -,7,31.1,162,301,463,53.8,94.00,32.8,85.40,,,7.1,82.20,6.3,85.40,,,,
Livan Hernandez,Nationals,62,387,2251,3684,5935,55.4,84.10,23.1,79.30,,,12.9,66.30,8.6,77.80,,,,
Kyle Lohse,- - -,168,1021.2,5495,10353,15848,51.1,89.40,24.3,83.70,,,7.9,74.40,16.7,79.90,,,,
John Lackey,- - -,213,1338.1,7247,13878,21125,58.7,91.50,24.4,84.10,0.0,,12.5,78.90,4.4,84.00,,,,
Mike Montgomery,- - -,56,292.2,1690,2896,4586,51.6,91.40,,,11.8,87.60,19.4,76.70,17.3,82.20,,,,
Wei-Yin Chen,- - -,170,990.1,5353,10526,15879,63.6,91.30,16.1,82.90,,,8.3,73.30,12.0,83.50,,,,
Chris Young,- - -,90,483.2,2933,5098,8031,64.0,85.50,31.3,79.00,,,0.8,69.20,3.8,78.60,,,,
Zach Davies,Brewers,80,454.2,2722,4618,7340,57.4,89.50,0.2,82.20,12.1,86.10,13.4,73.40,16.8,79.00,,,,
Drew Pomeranz,- - -,122,623,4138,6702,10840,59.2,90.70,,,5.9,86.00,32.4,79.20,2.5,83.30,,,,
Trevor Cahill,- - -,176,1029.1,6726,10011,16737,58.4,89.90,9.6,85.90,0.1,89.20,12.4,78.70,19.5,81.50,,,,
Jeremy Hellickson,- - -,216,1218,7254,12513,19767,51.8,90.50,,,5.0,87.00,15.3,76.50,27.9,80.30,,,,
Michael Pineda,- - -,117,680,3613,7333,10946,54.7,93.70,36.0,85.00,,,,,9.3,88.20,,,,
Ian Kennedy,- - -,277,1644.1,9749,17706,27455,62.4,90.90,1.1,83.50,7.6,86.00,13.8,77.50,15.1,82.00,,,,
Joe Ross,Nationals,48,268.1,1482,2790,4272,54.4,92.50,35.8,84.20,,,0.8,80.30,9.0,86.70,,,,
Charlie Morton,- - -,183,1035,6055,10473,16528,63.2,92.80,1.9,84.70,3.8,88.30,23.8,78.90,7.3,84.90,,,,
Seth Lugo,Mets,31,168.1,955,1751,2706,56.4,91.60,14.6,85.90,0.9,89.30,18.3,77.40,9.8,84.90,,,,
Sean Newcomb,Braves,49,263.1,1801,2936,4737,62.8,93.30,4.2,80.60,,,17.1,77.50,15.9,86.20,,,,
Ariel Pena,Brewers,5,24.1,179,264,443,58.3,91.60,35.5,82.90,,,,,6.2,86.00,,,,
Josh Beckett,- - -,107,650,3804,6640,10444,47.9,92.50,,,18.1,89.90,20.2,75.40,13.9,87.00,,,,
Vicente Padilla,Dodgers,16,95,492,974,1466,72.6,92.40,8.3,83.60,0.6,87.50,15.1,64.40,,,3.5,85.00,,
Jason Vargas,- - -,214,1274.2,7353,13034,20387,54.2,87.10,1.3,83.50,4.7,84.10,10.8,74.10,29.1,80.00,,,,
Francis Martes,Astros,4,17.2,122,193,315,53.3,95.30,,,,,38.7,84.60,7.9,89.20,,,,
Nathan Karns,- - -,54,293.2,1840,3138,4978,56.2,92.30,,,,,31.7,81.60,12.1,85.60,,,,
Joey Lucchesi,Padres,26,130,783,1375,2158,63.9,90.40,,,,,2.6,76.60,33.6,79.40,,,,
Eric Stults,- - -,88,515.1,2871,5314,8185,49.4,87.30,17.8,79.70,,,9.7,66.90,23.2,78.50,,,,
Brandon Cumpton,Pirates,15,83.2,433,853,1286,70.6,92.30,20.4,83.80,,,,,9.0,84.70,,,,
Brett Anderson,- - -,115,622.2,3566,6189,9755,51.1,90.90,29.1,81.90,,,10.2,75.90,9.6,83.50,,,,
Ricky Romero,Blue Jays,98,620.1,3879,5919,9798,52.1,91.40,2.3,82.60,13.5,91.00,12.1,76.50,20.0,84.00,,,,
German Marquez,Rockies,65,373.1,2063,3968,6031,59.9,95.00,10.2,85.70,,,23.9,81.20,6.1,85.60,,,,
Miguel Gonzalez,- - -,148,867.1,4946,9064,14010,56.0,91.20,16.7,85.50,,,11.3,77.10,,,16.0,83.80,,
Paul Clemens,- - -,19,94.1,597,936,1533,66.4,91.60,,,,,26.2,74.50,7.4,83.30,,,,
Jon Garland,- - -,54,322,1985,3186,5171,55.0,89.30,12.2,83.40,12.1,86.50,10.6,76.60,8.6,80.70,1.6,84.80,,
Mike Minor,- - -,138,808.1,4682,8400,13082,57.3,90.90,14.4,85.20,,,12.6,80.10,15.7,84.30,,,,
Alex Meyer,- - -,19,91.2,673,943,1616,58.0,95.60,,,,,37.6,84.90,4.5,89.60,,,,
J.D. Martin,Nationals,9,48,294,514,808,52.3,86.70,,,24.4,84.40,13.5,72.70,9.9,81.40,,,,
Jeff Niemann,Rays,60,346.2,2010,3407,5417,62.2,91.10,9.2,84.90,0.5,89.00,18.9,78.10,,,9.3,84.10,,
Eduardo Rodriguez,Red Sox,88,488.1,3135,5393,8528,62.9,93.50,11.7,85.00,6.8,88.90,,,18.7,87.00,,,,
Jake Peavy,- - -,162,1000.1,5500,10660,16160,50.5,90.40,10.9,82.10,19.6,86.20,9.1,79.40,9.8,83.00,,,,
Joe Kelly,- - -,79,431.1,2834,4416,7250,66.5,94.90,11.5,84.60,,,10.0,79.30,12.0,84.60,,,,
Andrew Albers,- - -,18,98,516,1101,1617,65.8,86.80,19.4,78.50,,,7.0,68.30,7.7,77.50,,,,
Kevin Gausman,- - -,137,788.1,4890,8632,13522,65.1,94.60,12.4,81.20,,,0.4,79.20,3.7,83.90,18.4,84.00,,
Jimmy Nelson,Brewers,104,605,3440,6240,9680,65.5,93.50,17.2,87.40,,,15.6,83.50,1.7,86.30,,,,
Dan Straily,- - -,132,737.2,4453,7794,12247,52.9,90.00,28.4,83.30,,,2.9,73.30,15.7,82.80,,,,
Gavin Floyd,- - -,104,626.2,3760,6249,10009,50.4,91.70,7.2,84.20,18.9,85.70,18.2,79.40,5.3,84.80,,,,
Ross Detwiler,- - -,69,374,2203,3777,5980,77.2,92.10,,,,,13.0,78.30,9.8,84.10,,,,
Francisco Liriano,- - -,242,1358.1,8893,13605,22498,47.5,92.70,32.4,85.50,,,,,20.1,85.30,,,,
Pablo Lopez,Marlins,10,58.2,335,615,950,60.5,92.40,,,,,20.3,78.50,19.2,85.40,,,,
Adalberto Mejia,Twins,25,117.1,769,1301,2070,56.8,92.50,15.1,85.50,,,10.4,81.60,17.7,83.20,,,,
Bartolo Colon,- - -,227,1363.1,6425,13800,20225,84.4,89.00,8.9,82.40,0.5,86.50,,,6.2,81.50,,,,
Mike Foltynewicz,Braves,96,542.1,3359,5960,9319,61.4,95.50,21.7,86.00,,,10.9,78.90,6.0,86.20,,,,
Roenis Elias,- - -,54,297,1821,3006,4827,52.6,92.00,0.2,77.10,,,22.6,78.80,24.6,85.40,,,,
Yovani Gallardo,- - -,256,1478.1,10020,15361,25381,55.7,91.50,23.0,87.30,,,17.5,79.40,3.9,85.20,,,,
Glenn Sparkman,Royals,3,13,99,142,241,54.8,93.50,17.8,86.70,,,15.8,80.20,11.6,85.20,,,,
Hunter Wood,Rays,8,13,97,148,245,52.7,94.40,,,21.6,87.70,15.5,75.00,10.2,86.80,,,,
Matt Garza,- - -,198,1181.2,6769,12282,19051,64.0,92.90,20.3,84.70,,,10.4,75.10,5.2,85.20,,,,
Parker Bridwell,Angels,21,119,626,1113,1739,44.0,92.40,20.7,79.60,25.6,90.10,,,9.7,84.40,,,,
Jeff Samardzija,- - -,203,1293.2,7095,13372,20467,49.7,94.40,19.6,85.70,14.0,92.20,4.1,79.90,,,12.6,85.10,,
Ryan Dempster,- - -,125,759.1,4788,8024,12812,51.8,90.20,31.2,84.60,3.7,87.50,,,,,13.3,81.50,,
Donovan Hand,Brewers,7,36.2,180,358,538,55.6,89.40,23.8,82.50,,,18.4,69.50,2.3,81.90,,,,
Randall Delgado,- - -,53,284.2,1820,2963,4783,65.2,92.10,2.4,84.20,,,9.5,78.40,22.9,82.50,,,,
Nick Tropeano,- - -,38,202.2,1304,2091,3395,50.8,90.70,,,,,24.0,79.90,17.3,82.10,8.0,81.70,,
Alex Sanabia,Marlins,24,129.1,755,1290,2045,56.6,89.80,17.3,82.90,,,,,26.1,82.00,,,,
Nathan Eovaldi,- - -,148,836,4794,9000,13794,56.2,95.90,20.3,85.80,5.2,92.90,7.6,75.90,5.8,87.50,5.0,88.30,,
Scott Baker,- - -,63,368.1,1832,3929,5761,65.1,90.80,15.6,82.90,,,13.4,81.00,6.0,83.00,,,,
Austin Pruitt,Rays,8,43,213,444,657,43.7,91.40,,,25.7,87.30,15.2,81.50,15.4,85.30,,,,
James McDonald,- - -,78,440.2,2862,4500,7362,65.2,92.20,9.3,79.70,,,19.4,76.30,6.1,81.60,,,,
A.J. Burnett,- - -,186,1147.2,6900,11470,18370,61.0,92.30,,,,,32.2,82.10,6.8,87.30,,,,
Tim Lincecum,- - -,181,1072.1,6933,11316,18249,50.8,90.50,16.0,82.60,,,9.7,76.70,23.4,83.10,,,,
Hector Santiago,- - -,137,728.1,4856,8108,12964,61.6,91.10,6.7,78.70,6.3,86.30,4.0,75.20,20.3,82.70,1.2,75.60,,
Scott Kazmir,- - -,147,819.1,4983,8875,13858,60.1,91.30,11.3,81.70,7.2,87.10,3.9,76.70,17.5,77.70,0.0,79.30,,
Jesse Hahn,- - -,50,276.2,1681,2801,4482,65.2,92.40,4.8,82.70,,,20.8,74.80,9.2,84.60,,,,
Clayton Mortensen,- - -,7,40.2,246,373,619,60.7,86.90,22.7,82.10,,,,,16.6,81.00,,,,
David Phelps,- - -,64,350.2,2196,3656,5852,54.6,90.40,,,21.1,87.00,16.2,79.70,8.0,82.60,,,,
Kyle McClellan,Cardinals,17,104.2,581,932,1513,58.7,88.80,,,14.4,84.60,16.7,72.10,10.2,81.50,,,,
Austin Bibens-Dirkx,Rangers,12,68.1,420,693,1113,43.4,89.80,5.8,79.80,25.9,86.40,7.5,79.80,17.4,83.90,,,,
Ben Sheets,- - -,29,168.2,1000,1718,2718,56.2,91.00,7.1,84.80,,,28.3,78.00,8.4,82.40,,,,
Alec Mills,Cubs,2,10.2,62,111,173,55.5,90.20,13.9,78.40,,,8.7,71.90,22.0,80.50,,,,
Carlos Silva,Cubs,21,113,588,1153,1741,54.6,90.50,14.4,79.50,,,,,31.0,81.50,,,,
Jake Westbrook,- - -,113,671.1,4125,6663,10788,63.0,90.20,10.2,79.20,13.5,85.80,,,9.3,79.70,4.1,83.30,,
Dillon Gee,- - -,128,762.1,4251,7718,11969,54.1,89.50,13.0,82.70,1.8,86.80,11.3,74.60,19.7,82.90,,,,
Vance Worley,- - -,97,542.2,3174,5629,8803,65.0,89.60,6.3,84.80,18.0,84.90,6.3,76.00,4.1,83.30,0.2,84.30,,
Marco Estrada,- - -,188,1084.2,6352,11601,17953,53.8,89.20,,,5.5,86.40,12.6,77.70,28.1,77.60,,,,
Wade LeBlanc,- - -,93,512.1,2982,5253,8235,43.9,86.70,0.0,79.00,22.2,83.30,7.8,73.50,26.2,76.50,,,,
Reynaldo Lopez,- - -,46,265.2,1615,2801,4416,61.1,95.40,13.0,83.90,,,9.6,77.20,16.3,83.80,,,,
Carlos Zambrano,- - -,64,373.2,2571,3831,6402,51.2,90.00,11.7,79.40,18.9,89.00,2.7,70.30,,,15.5,83.00,,
Chris Heston,- - -,33,184.2,1164,1777,2941,61.1,88.90,13.3,76.60,,,13.7,74.00,11.9,82.10,,,,
Chris Stratton,Giants,36,193,1196,2091,3287,62.0,91.20,12.4,83.60,,,15.7,77.70,9.9,84.10,,,,
Anthony DeSclafani,- - -,77,447.1,2500,4578,7078,59.9,92.90,27.7,86.80,,,7.4,80.50,5.1,86.60,,,,
Paul Maholm,- - -,123,732.1,4360,7344,11704,49.5,87.60,20.6,81.50,,,14.2,72.10,15.7,81.20,,,,
Bryan Mitchell,- - -,20,97.1,651,965,1616,53.2,94.50,,,20.7,91.10,21.0,81.10,5.1,87.80,,,,
Shane Bieber,Indians,19,110,561,1162,1723,57.1,93.00,22.9,83.70,,,16.1,80.00,4.0,87.90,,,,
Wade Miley,- - -,212,1226.2,7577,12653,20230,58.3,90.90,16.2,84.00,4.7,88.00,6.5,76.60,14.3,82.40,,,,
Blaine Hardy,Tigers,13,67.2,370,686,1056,34.0,87.50,32.6,83.20,,,9.4,75.20,24.1,79.40,,,,
A.J. Griffin,- - -,85,473.1,2866,5070,7936,56.2,88.50,11.7,82.40,0.9,83.50,19.1,67.30,12.1,80.60,,,,
Austin Gomber,Cardinals,11,57,334,606,940,48.0,92.10,24.3,88.70,,,19.3,77.60,8.5,83.20,,,,
Derek Holland,- - -,193,1123,6741,11738,18479,61.7,92.70,16.2,82.20,,,13.5,77.30,8.6,83.80,,,,
Aaron Harang,- - -,167,979,6054,10481,16535,58.9,89.70,19.8,81.60,5.0,87.80,8.5,74.40,7.9,83.10,,,,
Jake Faria,Rays,26,135,889,1405,2294,56.0,91.70,21.2,83.20,,,4.2,75.30,18.7,81.10,,,,
Colby Lewis,Rangers,161,997.2,5475,10392,15867,56.0,88.70,27.9,83.00,,,9.0,76.40,7.2,83.20,,,,
Carl Pavano,Twins,76,506,2447,4990,7437,59.3,89.20,17.4,83.20,,,,,22.8,80.80,0.6,82.70,,
Ivan Nova,- - -,189,1110,6117,10809,16926,62.8,92.80,4.2,86.60,0.3,86.90,26.4,80.30,6.3,86.20,,,,
Pat Misch,Mets,6,33.2,180,335,515,40.6,85.60,21.9,83.10,,,13.8,75.10,23.8,81.00,,,,
Albert Suarez,Giants,12,61,380,612,992,57.3,91.90,15.5,78.60,,,14.7,75.20,12.5,83.30,,,,
Adrian Sampson,- - -,5,27.1,153,250,403,60.1,91.10,18.9,86.10,,,1.2,82.00,19.9,85.90,,,,
Luis Mendoza,Royals,42,239.2,1474,2264,3738,66.9,91.90,,,,,24.7,81.70,8.4,82.80,,,,
Andrew Triggs,Athletics,27,132.1,857,1342,2199,47.7,89.40,21.6,75.80,27.1,82.90,,,3.6,82.90,,,,
Brent Suter,Brewers,34,174.1,928,1849,2777,69.6,86.10,8.4,76.10,,,9.9,73.50,12.1,80.00,,,,
Wily Peralta,Brewers,120,686.1,4362,6880,11242,65.3,95.10,28.6,84.70,,,0.7,80.60,5.4,84.30,,,,
Jorge De La Rosa,Rockies,145,818.1,5313,8415,13728,43.0,91.80,7.9,85.20,12.8,87.10,6.1,73.60,30.2,82.80,,,,
David Pauley,Mariners,15,86,521,831,1352,60.4,88.40,11.0,82.10,,,13.2,75.30,15.4,81.80,,,,
Rick Porcello,- - -,276,1686,9256,17470,26726,62.0,90.80,15.0,85.00,,,11.2,75.70,11.9,81.60,,,,
Tommy Milone,- - -,130,730.2,4303,7706,12009,48.5,87.40,0.5,78.90,13.0,86.00,11.6,74.90,26.5,80.60,,,,
Jakob Junis,Royals,46,270,1509,2754,4263,54.3,91.10,36.9,81.70,,,2.9,77.40,6.0,83.80,,,,
Chris Capuano,- - -,109,609,3428,6198,9626,53.7,88.10,11.7,80.40,2.3,84.20,4.5,75.10,27.8,78.00,,,,
Brandon Morrow,- - -,98,565,3499,6033,9532,59.3,93.50,21.2,87.30,1.1,89.20,7.2,80.70,11.3,85.70,,,,
Jose Urena,Marlins,80,438,2807,4415,7222,58.8,95.20,21.7,85.50,,,0.5,82.40,18.9,88.80,,,,
Matt Strahm,- - -,8,25,138,287,425,55.3,93.20,19.8,84.80,,,11.1,77.90,13.9,84.60,,,,
John Lannan,- - -,78,435,2676,4357,7033,61.8,89.10,11.7,80.80,,,8.4,74.00,18.1,84.00,,,,
Guillermo Moscoso,- - -,26,147.1,904,1603,2507,63.7,90.90,6.5,83.60,,,16.9,78.70,13.0,80.10,,,,
Eric Lauer,Padres,23,112,744,1282,2026,57.8,91.20,20.2,85.50,6.0,89.90,11.6,74.60,4.4,84.50,,,,
Bronson Arroyo,- - -,157,975.2,4932,9674,14606,42.4,86.90,20.4,75.10,4.6,85.20,15.3,71.40,17.3,78.90,,,,
JC Ramirez,Angels,26,149,868,1485,2353,51.0,95.40,32.1,87.90,,,16.8,78.90,,,0.1,87.50,,
Tyler Anderson,Rockies,66,371.1,2027,3940,5967,45.2,91.60,7.9,86.40,18.6,87.60,2.1,74.10,26.2,81.70,,,,
Andrew Heaney,- - -,59,338,1855,3465,5320,60.5,91.60,22.1,79.00,,,,,17.4,83.20,,,,
Brandon Finnegan,Reds,44,226.2,1519,2320,3839,66.2,91.80,20.4,83.40,,,,,13.4,84.10,,,,
Clayton Richard,- - -,166,997,5526,9822,15348,64.3,90.60,15.1,81.60,6.7,85.90,1.0,75.50,12.9,83.70,,,,
Chad Kuhl,Pirates,61,313,2022,3241,5263,61.8,95.00,22.1,87.90,,,6.8,82.40,9.3,88.30,,,,
Tyler Chatwood,- - -,133,714,4915,7079,11994,69.1,93.10,3.0,84.90,12.7,88.40,10.5,78.20,4.8,84.20,,,,
Duane Below,Tigers,3,12.1,74,141,215,59.2,89.80,,,12.8,85.50,15.2,77.60,12.8,82.80,,,,
Tom Gorzelanny,- - -,49,265,1618,2782,4400,60.7,89.90,21.7,79.90,0.1,89.80,1.2,74.40,16.3,83.50,,,,
Kendall Graveman,Athletics,78,441.1,2646,4391,7037,61.3,92.50,7.7,78.90,20.7,88.10,,,7.2,85.70,3.1,83.30,,
Yusmeiro Petit,- - -,23,131.1,619,1328,1947,52.4,88.50,17.3,83.80,,,21.2,76.60,9.1,81.30,,,,
Chris Devenski,Astros,6,26.2,155,298,453,49.6,91.60,5.3,81.30,,,13.5,75.20,31.6,80.00,,,,
Matt Koch,Diamondbacks,16,88,479,838,1317,41.7,91.30,,,27.8,89.60,14.8,79.80,15.7,85.30,,,,
Freddy Peralta,Brewers,14,73.2,504,809,1313,77.8,90.70,,,,,19.2,76.40,3.0,86.20,,,,
Homer Bailey,Reds,175,1035.1,5915,11022,16937,59.8,93.20,18.1,87.20,0.2,90.00,9.9,78.40,,,12.0,85.90,,
Vidal Nuno,- - -,42,229,1263,2458,3721,44.7,88.80,27.4,82.70,1.3,85.90,14.1,76.90,12.6,82.00,,,,
Brian Johnson,Red Sox,19,92,561,994,1555,50.9,88.10,17.9,78.60,,,28.0,73.90,3.2,80.00,,,,
Travis Wood,- - -,147,841.1,5036,8822,13858,52.5,89.10,7.7,79.20,26.4,86.40,3.8,72.40,9.6,79.00,,,,
Scott Feldman,- - -,148,855,5395,8952,14347,33.9,90.00,0.1,82.70,35.0,88.20,25.3,75.40,1.0,83.50,4.8,84.60,,
Trevor Richards,Marlins,25,126.1,839,1393,2232,54.8,90.80,,,,,13.0,80.50,32.2,82.90,,,,
Kyle Ryan,Tigers,7,36.2,216,349,565,58.7,87.50,7.5,76.50,24.7,85.00,,,9.2,81.60,,,,
Jair Jurrjens,- - -,56,330,1860,3342,5202,59.5,89.80,17.2,79.50,,,,,23.3,83.20,,,,
Felipe Paulino,- - -,45,262.1,1810,2875,4685,55.4,95.00,26.5,87.20,,,9.0,77.70,9.2,86.20,,,,
Troy Scribner,- - -,5,20.1,150,228,378,53.2,87.80,17.2,82.10,,,12.2,69.20,17.5,78.10,,,,
Tyler Skaggs,- - -,81,441,2594,4726,7320,61.6,91.50,,,,,26.1,75.40,12.3,83.90,,,,
Zack Godley,Diamondbacks,72,408.1,2528,4087,6615,33.1,90.80,,,25.7,89.50,34.3,82.20,6.9,82.70,,,,
Hector Velazquez,Red Sox,11,44.2,253,499,752,58.4,90.40,12.5,83.70,,,6.3,76.70,,,22.9,84.90,,
Bud Norris,- - -,178,1002.2,6308,10814,17122,56.0,92.90,31.5,85.50,2.9,88.20,0.6,80.30,9.0,84.90,,,,
Scott Diamond,Twins,58,343,1945,3415,5360,61.9,89.00,,,,,26.7,81.20,11.5,83.50,,,,
Justin Masterson,- - -,159,949.1,5953,9763,15716,79.2,91.30,19.9,82.20,,,,,0.8,85.10,,,,
Joel Pineiro,Angels,47,290,1579,2801,4380,66.0,87.80,15.0,84.10,,,12.7,76.50,6.4,82.60,,,,
Cory Rasmus,Angels,8,24.1,135,251,386,48.7,92.30,15.8,84.60,,,11.4,75.50,24.1,85.80,,,,
Joe Saunders,- - -,134,812.2,5183,7950,13133,63.4,89.70,7.3,81.90,,,11.6,75.30,17.7,81.30,,,,
Tom Koehler,- - -,133,749.2,4703,7516,12219,54.9,92.50,16.8,85.60,0.1,87.90,22.8,79.10,5.5,85.00,,,,
Jonathan Pettibone,Phillies,20,109.1,707,1140,1847,56.9,90.80,5.9,83.80,18.4,86.50,,,18.9,83.30,,,,
Rubby de la Rosa,- - -,70,392.1,2420,4094,6514,61.1,94.50,18.0,84.90,,,1.3,77.70,19.6,86.70,,,,
Jesse Chavez,- - -,70,398,2424,4170,6594,33.6,91.40,6.6,83.50,33.7,89.50,9.4,75.50,16.8,84.50,,,,
Edinson Volquez,- - -,211,1194,7719,12504,20223,53.2,93.30,0.1,82.20,,,23.6,79.60,23.2,83.70,,,,
Frankie Montas,- - -,13,70.2,414,714,1128,70.4,95.80,26.6,86.20,,,,,2.9,87.60,,,,
Ariel Miranda,Mariners,40,218,1323,2224,3547,58.0,92.10,4.9,81.90,,,,,18.1,83.50,19.0,80.60,,
Daniel Norris,- - -,53,262.1,1799,2844,4643,57.2,92.50,21.0,85.70,,,9.0,76.40,12.8,85.70,,,,
Erasmo Ramirez,- - -,92,488.1,2698,5060,7758,52.0,91.40,13.8,84.50,7.9,87.70,5.1,78.00,21.2,81.30,,,,
Kyle Gibson,Twins,159,927,5929,9327,15256,59.1,91.90,20.0,84.60,,,6.1,80.10,14.8,83.80,,,,
Caleb Smith,- - -,18,84.1,559,961,1520,58.2,92.80,26.5,81.70,,,,,15.3,84.00,,,,
Paul Blackburn,Athletics,16,86.1,547,832,1379,50.6,90.00,29.3,85.20,,,9.4,76.50,10.7,83.70,,,,
Anthony Bass,Padres,18,98.1,610,925,1535,53.2,92.00,23.9,83.50,9.7,86.80,,,13.2,83.10,,,,
David Hale,- - -,20,112.1,684,1152,1836,65.4,90.60,17.8,81.00,,,,,16.9,79.70,,,,
Jose Berrios,Twins,71,395,2453,4118,6571,61.4,93.30,,,,,28.8,81.50,9.8,83.90,,,,
Andrew Suarez,Giants,29,160.1,886,1606,2492,51.2,92.20,23.8,88.60,,,13.4,76.90,11.6,86.00,,,,
Javier Vazquez,- - -,58,336.2,1968,3531,5499,57.2,89.70,15.1,82.60,,,17.0,73.40,10.7,79.30,,,,
Jason Hammel,- - -,240,1382,8060,14330,22390,56.5,92.50,28.6,84.40,,,9.4,77.30,5.6,85.80,,,,
Ubaldo Jimenez,- - -,232,1330.1,9036,13963,22999,58.7,92.20,17.4,83.40,0.1,89.20,6.2,76.90,8.9,84.80,8.8,84.40,,
Steve Johnson,Orioles,5,26,179,288,467,68.9,88.50,4.3,78.30,,,12.7,67.60,14.0,78.00,,,,
Eric Hacker,Giants,1,6,25,56,81,40.8,86.90,29.0,82.10,,,30.3,73.00,,,,,,
T.J. House,Indians,22,114,664,1178,1842,56.5,90.40,22.7,83.80,,,3.7,75.90,17.2,81.80,,,,
Luis Santos,Blue Jays,1,2,20,24,44,52.3,93.00,15.9,83.30,,,6.8,81.70,25.0,86.60,,,,
Jeremy Guthrie,- - -,183,1128.2,6691,11495,18186,58.9,92.20,18.8,84.60,,,9.2,74.80,13.2,84.80,,,,
Phil Hughes,- - -,183,1056,5462,11561,17023,61.2,91.80,4.3,80.90,12.9,88.00,16.2,75.80,5.4,84.00,0.1,84.00,,
Matt Moore,- - -,149,831.1,5190,8963,14153,59.7,92.80,,,5.3,89.40,19.5,81.00,15.6,84.20,,,,
Bruce Chen,- - -,106,606,3465,6565,10030,44.7,85.90,27.3,82.30,,,12.6,73.00,15.4,77.10,,,,
Brian Burres,Pirates,15,77.2,526,784,1310,59.9,88.20,11.9,81.60,,,20.2,75.00,8.0,80.20,,,,
Cody Anderson,Indians,24,133.1,684,1324,2008,58.1,92.80,9.6,89.00,2.3,90.60,7.1,80.50,23.0,84.30,,,,
Chris Tillman,Orioles,193,1072.1,7043,11456,18499,60.5,91.20,0.9,82.70,9.5,85.50,15.2,75.70,13.9,82.50,,,,
Dave Bush,- - -,34,185,1149,2009,3158,51.4,86.50,12.4,80.30,7.3,82.90,22.7,68.40,6.2,80.40,,,,
Luke Weaver,Cardinals,43,220.1,1369,2472,3841,58.7,93.30,,,5.3,87.30,11.5,80.40,24.6,84.80,,,,
Blake Beavan,Mariners,44,264,1332,2698,4030,64.3,90.70,17.8,79.60,0.1,82.30,12.1,74.30,5.8,82.10,,,,
Thomas Pannone,Blue Jays,6,35.2,210,363,573,63.5,88.00,,,,,18.3,70.10,18.2,81.90,,,,
Erik Bedard,- - -,89,461.2,2989,5123,8112,51.0,89.60,,,12.7,88.00,25.5,76.00,10.6,75.90,0.1,79.90,,
Randy Wolf,- - -,104,631.2,3874,6637,10511,52.5,88.30,18.5,82.20,,,18.2,67.60,10.9,78.20,,,,
John Danks,White Sox,156,969,5592,10189,15781,47.8,90.20,,,20.6,86.50,7.9,75.00,23.7,81.20,,,,
Zach McAllister,Indians,68,357.1,2202,3978,6180,71.4,91.90,6.1,85.10,1.6,86.40,12.3,79.20,7.2,81.10,1.4,83.40,,
Taylor Jungmann,Brewers,27,144,996,1539,2535,67.6,91.50,,,,,26.4,75.80,6.1,84.20,,,,
Heath Fillmyer,Royals,13,71,449,700,1149,52.2,92.60,20.8,84.10,,,11.8,79.40,15.2,85.40,,,,
Freddy Garcia,- - -,83,459.1,2690,4544,7234,34.3,87.40,25.9,80.40,,,8.6,71.60,13.1,80.70,18.1,79.30,,
Dinelson Lamet,Padres,21,114.1,734,1207,1941,55.0,95.00,40.0,85.70,,,,,5.1,90.00,,,,
Jonathan Sanchez,- - -,71,370.1,2647,3949,6596,63.3,90.00,18.1,80.50,,,,,18.6,82.10,,,,
Kip Wells,Padres,7,37.1,267,371,638,48.6,89.80,16.8,82.10,5.0,88.90,16.8,77.10,12.7,84.20,,,,
Vince Velasquez,- - -,76,386.2,2340,4249,6589,65.4,93.90,11.7,84.40,,,13.9,80.80,9.1,87.50,,,,
Robert Gsellman,Mets,29,156.2,962,1666,2628,63.2,92.90,16.5,88.50,,,11.3,80.30,9.0,85.40,,,,
Jeff Suppan,- - -,21,107.2,686,1029,1715,54.7,86.60,18.4,82.70,,,12.8,71.00,14.2,79.80,,,,
Antonio Senzatela,Rockies,33,184,1158,1881,3039,68.7,94.00,19.1,82.80,,,5.4,78.20,6.8,86.10,,,,
Ricky Nolasco,- - -,223,1326,7599,13701,21300,48.0,90.50,26.7,82.30,,,13.8,74.40,,,11.6,81.10,,
Chase Whitley,- - -,17,82,483,875,1358,45.3,90.20,27.8,84.40,,,3.1,76.20,23.9,83.10,,,,
Chris Rowley,Blue Jays,3,13.2,93,134,227,57.3,88.60,21.2,82.10,,,,,21.6,81.20,,,,
Kevin Millwood,- - -,68,406,2517,4124,6641,55.5,89.50,20.3,83.40,9.9,89.40,8.0,71.80,6.4,81.80,,,,
Travis Blackley,- - -,18,93.2,547,921,1468,50.1,90.30,17.4,86.00,,,15.7,75.60,16.8,81.00,,,,
Adam Conley,Marlins,56,292.2,1819,3131,4950,65.0,90.60,17.1,84.90,,,0.5,78.80,17.4,82.70,,,,
Jeremy Hefner,Mets,36,199,1159,2076,3235,55.1,90.50,20.6,85.40,,,11.5,75.80,12.9,84.30,,,,
Brett Cecil,Blue Jays,57,346.2,1965,3490,5455,50.4,89.30,18.5,84.20,0.0,85.00,8.8,77.70,22.3,81.10,,,,
Edwin Jackson,- - -,195,1149,7183,11665,18848,54.1,93.50,28.4,86.10,6.5,91.30,4.7,79.10,6.3,86.40,,,,
Felix Doubront,- - -,85,464,3097,4963,8060,61.8,91.20,,,9.9,86.60,13.8,75.30,14.6,83.70,,,,
Tyler Mahle,Reds,27,132,879,1561,2440,67.6,92.50,20.9,83.50,,,0.9,77.20,10.7,83.50,,,,
Wade Davis,- - -,82,477.1,2966,5096,8062,65.8,91.90,7.5,85.90,5.6,88.80,17.2,79.80,4.0,85.50,,,,
Matt Andriese,- - -,49,236.2,1331,2530,3861,46.8,91.70,,,14.9,86.40,13.0,80.50,25.3,85.60,,,,
Barry Zito,- - -,101,566.1,3577,5888,9465,43.4,84.40,24.5,79.40,,,19.2,71.50,12.9,74.80,,,,
Jake Thompson,Phillies,18,95,668,966,1634,50.3,91.30,20.6,83.20,9.9,90.00,2.8,79.10,16.3,84.50,,,,
Odrisamer Despaigne,- - -,47,259.2,1599,2702,4301,56.1,91.20,1.5,82.20,16.8,86.40,15.1,73.00,10.5,76.80,,,,
Aaron Laffey,- - -,24,122,833,1212,2045,55.3,85.80,5.8,77.50,24.3,84.80,2.7,74.40,11.9,80.20,,,,
Roberto Hernandez,- - -,134,793.2,4737,7985,12722,63.9,91.60,14.6,85.40,,,,,21.5,84.60,,,,
Jon Gray,Rockies,89,491.1,2896,5212,8108,54.4,95.10,28.8,88.40,,,12.0,79.30,4.8,85.50,,,,
Colin Rea,- - -,25,133.1,887,1380,2267,59.9,91.80,0.0,84.00,17.5,87.10,17.7,78.00,,,4.9,83.70,,
Marco Gonzales,- - -,43,228,1240,2442,3682,40.0,90.20,0.3,82.50,15.4,87.10,19.8,77.90,24.5,82.90,,,,
Jeff Locke,- - -,117,650.2,3955,6578,10533,63.6,90.80,1.0,83.70,,,14.2,79.00,21.2,80.90,,,,
Trevor Bell,Angels,7,36.2,223,372,595,63.3,92.00,22.8,84.20,,,0.7,78.00,13.2,85.10,,,,
Martin Perez,Rangers,128,738.1,4384,7371,11755,60.5,92.50,10.2,84.80,,,9.7,78.70,19.6,84.40,,,,
Randy Wells,Cubs,59,345,2160,3421,5581,52.7,89.00,25.2,83.20,4.4,85.60,,,17.8,82.70,,,,
Josh Tomlin,Indians,144,845.1,4177,8568,12745,41.9,88.30,0.6,81.90,32.6,85.40,16.2,74.90,8.7,82.00,,,,
Samuel Deduno,- - -,44,238.1,1593,2403,3996,59.2,90.10,5.3,82.20,,,24.2,80.90,11.4,84.00,,,,
Vin Mazzaro,- - -,28,153.2,987,1574,2561,59.4,91.40,25.5,84.60,,,5.5,79.40,9.7,85.10,,,,
Fernando Romero,Twins,11,55.2,359,602,961,63.4,95.40,24.7,86.80,,,,,11.9,90.30,,,,
Nick Tepesch,- - -,44,234,1440,2410,3850,54.2,90.20,,,26.1,85.10,15.1,78.10,4.6,84.10,,,,
Miguel Diaz,Padres,3,7.2,63,92,155,78.1,96.00,11.0,81.60,,,5.8,77.60,5.2,88.10,,,,
Ryan Yarbrough,Rays,6,28.2,159,300,459,34.9,89.20,6.3,78.90,29.2,87.40,,,29.6,81.20,,,,
Chi Chi Gonzalez,Rangers,13,70.2,463,736,1199,64.6,91.30,20.1,86.40,,,5.8,79.40,9.4,86.00,,,,
Mike Bolsinger,- - -,41,212,1277,2211,3488,50.1,87.60,15.2,80.00,,,33.2,79.20,1.5,82.90,,,,
Mike Pelfrey,- - -,176,970,6419,10204,16623,68.5,92.40,10.4,84.20,0.7,87.80,6.6,73.60,,,13.7,83.10,,
Corey Oswalt,Mets,12,55.1,309,569,878,67.5,90.30,,,0.5,86.50,16.9,80.50,15.2,83.50,,,,
Nelson Figueroa,- - -,16,85.2,580,955,1535,52.1,87.50,27.2,81.20,,,14.0,73.50,6.7,80.50,,,,
Lucas Harrell,- - -,71,390,2791,4119,6910,68.7,92.10,0.9,87.40,11.6,88.20,9.6,81.80,9.2,83.00,,,,
Yonny Chirinos,Rays,7,32.1,178,320,498,59.0,93.20,19.5,87.20,,,,,,,21.5,84.90,,
Alfredo Aceves,Red Sox,10,51.1,347,530,877,45.3,91.40,,,20.1,89.40,17.8,81.10,13.2,83.40,3.5,85.90,,
Carlos Torres,- - -,11,60.2,363,641,1004,39.8,90.50,,,43.5,88.20,12.6,77.40,4.1,83.40,,,,
Taylor Jordan,Nationals,15,83.1,448,854,1302,60.3,91.00,18.8,83.20,,,,,20.9,82.40,,,,
Jenrry Mejia,Mets,18,89,563,971,1534,65.4,92.20,12.8,83.50,,,11.5,78.80,10.4,86.50,,,,
Ty Blach,Giants,39,225.1,1280,2253,3533,60.2,90.00,5.1,79.60,,,11.4,76.00,23.3,80.00,,,,
Tommy Hunter,- - -,53,312.1,1602,3150,4752,54.1,91.10,0.0,84.00,23.4,87.80,16.2,77.40,6.3,83.70,,,,
Cesar Ramos,- - -,12,53,344,530,874,50.3,89.70,20.1,82.80,,,11.6,68.70,18.0,83.20,,,,
Derek Lowe,- - -,88,499.2,3309,5080,8389,58.6,88.20,19.0,80.50,7.5,85.80,,,14.9,83.50,,,,
Steven Brault,Pirates,16,75.2,541,800,1341,66.4,91.30,18.6,83.50,,,2.0,76.70,13.0,84.90,,,,
Cole DeVries,Twins,18,92.2,584,1006,1590,57.0,89.60,18.5,83.20,,,14.8,73.50,9.7,82.20,,,,
Kyle Kendrick,- - -,162,938,5331,9335,14666,51.0,89.70,,,24.9,86.70,4.5,78.10,19.6,82.00,,,,
Jimmy Yacabonis,Orioles,7,28.1,182,285,467,64.9,93.50,29.6,83.30,,,,,5.6,86.20,,,,
Kevin Correia,- - -,142,806,4849,8030,12879,44.2,90.30,6.0,85.60,24.8,88.00,13.0,77.40,12.0,85.60,,,,
Joe Musgrove,- - -,44,251,1219,2649,3868,48.2,92.50,24.7,82.80,8.8,89.20,6.2,80.30,12.1,84.40,,,,
Robert Stephenson,Reds,22,105.2,767,1154,1921,55.4,93.10,18.3,84.60,,,8.3,80.10,18.1,84.80,,,,
Luke French,Mariners,13,79,430,738,1168,66.8,85.80,7.0,78.00,,,,,26.2,76.10,,,,
Dylan Bundy,Orioles,73,413,2380,4548,6928,55.7,92.30,19.5,82.20,,,11.1,75.10,13.7,84.00,,,,
Alfredo Simon,- - -,90,529,3218,5391,8609,51.8,93.50,1.3,89.60,10.5,88.40,12.5,77.50,,,23.8,84.10,,
Ben Lively,Phillies,20,112.1,661,1170,1831,61.1,91.30,12.1,82.10,,,22.1,75.50,4.7,85.10,,,,
Chad Bettis,Rockies,89,494,3077,5017,8094,54.3,91.60,,,15.8,86.20,12.6,75.00,17.4,85.80,,,,
Todd Redmond,- - -,16,76.2,478,847,1325,65.7,90.60,28.3,81.60,,,,,5.9,82.10,,,,
Brandon Workman,Red Sox,18,99,594,1051,1645,57.2,90.60,,,16.7,86.40,20.6,76.20,5.5,83.90,,,,
Chris Narveson,- - -,60,334.1,2138,3497,5635,46.3,88.00,10.0,84.00,,,16.0,73.60,27.7,80.40,,,,
Jason Berken,Cubs,4,18.2,112,185,297,66.7,90.20,21.6,82.60,,,0.3,77.00,11.5,83.30,,,,
Justin Nicolino,Marlins,33,177.1,929,1763,2692,54.8,89.20,,,15.2,86.10,11.6,76.50,18.4,82.20,,,,
Sam LeCure,Reds,10,54,367,566,933,62.9,88.70,15.5,78.60,,,10.5,72.60,11.1,81.30,,,,
Rodrigo Lopez,- - -,49,288,1518,2953,4471,52.9,88.10,20.2,80.60,6.4,88.50,5.1,74.90,15.4,82.70,,,,
David Hess,Orioles,19,100.1,633,1059,1692,58.8,91.90,24.6,80.10,,,7.6,72.20,9.0,83.70,,,,
Brad Penny,- - -,44,256.1,1578,2505,4083,59.6,92.70,2.4,87.80,,,13.6,78.20,7.6,85.00,16.8,88.10,,
Jerome Williams,- - -,78,442,2510,4434,6944,51.2,91.40,,,25.3,88.40,9.3,78.90,14.1,84.20,,,,
Kenshin Kawakami,Braves,16,85.1,549,873,1422,53.5,89.30,,,11.5,86.40,14.9,71.70,,,20.1,83.60,,
Zach Britton,Orioles,46,250,1704,2474,4178,69.7,92.00,15.7,81.70,,,,,14.6,86.10,,,,
Luiz Gohara,Braves,6,33.1,166,344,510,58.0,96.00,31.8,83.60,,,,,10.2,88.10,,,,
Brad Hand,Marlins,43,222,1475,2231,3706,66.9,91.30,2.8,84.20,,,16.7,78.70,13.6,84.10,,,,
Daniel Wright,- - -,9,44.1,296,437,733,51.0,89.20,15.6,81.90,,,16.1,74.60,17.4,82.60,,,,
Matt Wisler,Braves,49,286,1646,2881,4527,59.9,93.00,27.6,82.10,,,5.5,76.60,7.0,86.90,,,,
Tim Adleman,Reds,33,175,1055,1843,2898,61.3,90.40,,,3.4,88.90,16.0,74.60,19.4,84.10,,,,
Brian Duensing,Twins,52,294,1725,2957,4682,59.7,91.20,16.9,82.50,,,8.5,73.40,14.9,84.00,,,,
Daniel Mengden,Athletics,38,211,1225,2216,3441,54.8,92.10,8.0,83.20,11.4,86.20,11.7,73.30,14.1,81.40,,,,
Jamey Wright,- - -,2,3.2,33,49,82,25.6,89.50,2.4,83.00,46.3,87.80,14.6,78.50,11.0,82.80,,,,
Rafael Montero,Mets,30,155.1,1115,1759,2874,59.7,93.00,22.6,83.20,,,,,17.8,87.40,,,,
Luis Cessa,Yankees,19,91.1,533,926,1459,46.5,94.90,31.9,85.00,,,9.0,80.30,12.6,85.90,,,,
Jeanmar Gomez,- - -,46,235,1507,2310,3817,61.7,90.30,18.3,83.90,4.5,87.30,0.3,76.80,15.3,82.50,,,,
Jharel Cotton,Athletics,29,158.1,950,1664,2614,47.2,92.90,,,21.7,88.50,8.5,77.30,22.7,77.70,,,,
Greg Reynolds,- - -,8,43.2,264,430,694,53.9,88.80,,,24.9,85.50,11.8,76.50,9.3,82.40,,,,
Phil Coke,Tigers,15,76.1,446,746,1192,60.7,91.20,21.8,78.70,,,0.8,74.60,16.8,81.20,,,,
Kevin Slowey,- - -,52,283.1,1506,3083,4589,62.4,89.30,16.4,83.00,,,12.2,74.70,9.0,83.50,,,,
Tyler Pill,Mets,3,16.1,115,183,298,51.7,88.90,20.8,82.70,0.3,87.00,10.4,75.50,16.8,79.80,,,,
Carlos Frias,Dodgers,15,78,430,768,1198,56.8,94.40,,,29.0,89.70,5.1,79.70,9.1,87.10,,,,
Joe Blanton,- - -,90,538,2852,5568,8420,49.8,89.70,11.5,83.10,9.3,86.50,9.7,77.20,19.6,82.90,,,,
Robbie Erlin,Padres,37,196.2,1068,2048,3116,60.4,89.80,5.9,83.00,,,17.8,74.30,15.9,82.90,,,,
David Buchanan,Phillies,35,192.1,1128,1919,3047,42.0,90.00,,,26.0,89.10,11.2,77.80,20.8,81.50,,,,
Jason Marquis,- - -,87,483.1,3122,4697,7819,55.0,88.40,23.8,82.40,5.8,86.40,0.1,77.30,10.7,81.00,4.6,77.20,,
Hisanori Takahashi,Mets,12,64.2,388,722,1110,46.9,88.80,13.0,80.20,1.8,85.40,6.6,67.70,31.7,79.10,,,,
Nick Martinez,Rangers,68,373,2402,3862,6264,61.6,91.10,14.0,82.80,3.8,89.40,9.7,77.50,10.9,83.90,,,,
Michael Kopech,White Sox,4,14.1,83,173,256,62.5,95.40,16.8,82.70,,,10.9,78.20,9.8,88.60,,,,
Jake Buchanan,- - -,3,14.1,81,139,220,55.5,88.80,17.7,82.40,,,17.7,76.20,9.1,83.20,,,,
Marc Rzepczynski,Blue Jays,12,62.2,403,659,1062,53.5,89.10,32.4,82.00,,,0.7,79.00,13.4,82.90,,,,
Cesar Vargas,Padres,7,34,249,358,607,67.2,89.40,23.6,79.40,,,6.1,75.60,3.2,80.80,,,,
Sam Gaviglio,- - -,37,189.2,1124,1933,3057,56.2,88.10,25.7,83.00,,,8.2,78.60,9.9,83.10,,,,
Dontrelle Willis,- - -,26,139.1,995,1453,2448,68.1,87.70,18.6,80.80,,,6.9,75.60,6.3,80.00,,,,
Edgar Gonzalez,Astros,6,25,163,263,426,52.2,89.50,18.6,77.90,4.2,84.30,10.1,74.30,14.8,77.00,,,,
Elieser Hernandez,Marlins,6,25,163,270,433,61.9,90.30,21.9,81.60,,,,,16.2,83.80,,,,
Mitch Talbot,Indians,40,223,1464,2280,3744,48.1,90.70,9.7,83.60,26.8,89.50,0.0,,15.4,79.60,,,,
Franklin Morales,- - -,32,169.1,1128,1853,2981,58.4,92.10,18.5,86.80,,,12.6,74.10,10.6,83.00,,,,
Craig Stammen,Nationals,19,105,642,1012,1654,56.2,90.40,23.3,85.30,,,13.4,78.90,7.1,83.70,,,,
Williams Perez,Braves,31,167,995,1664,2659,72.7,90.80,,,,,12.8,76.70,14.5,79.10,,,,
Sal Romano,Reds,41,218.1,1367,2309,3676,64.6,94.60,3.0,88.40,,,25.1,86.40,7.3,88.30,,,,
Armando Galarraga,- - -,37,209.1,1334,2146,3480,54.9,90.40,35.0,86.00,,,0.0,79.00,10.1,83.00,,,,
Luke Hochevar,Royals,80,483.1,2919,4795,7714,54.2,92.90,10.8,84.70,13.5,88.60,14.5,77.60,6.5,83.10,0.5,84.20,,
Drew Hutchison,- - -,79,428.1,2610,4528,7138,66.5,92.00,22.2,84.30,,,,,11.3,85.10,,,,
Joel De La Cruz,Braves,9,46,272,458,730,54.8,91.30,23.2,85.80,,,,,22.1,84.30,,,,
Everett Teaford,Royals,8,40.2,247,424,671,44.3,90.60,,,25.2,86.70,20.1,79.60,10.5,83.50,,,,
Luis Perdomo,Padres,59,323.1,1922,3246,5168,64.7,93.80,27.9,84.20,,,,,7.5,87.20,,,,
Zach Eflin,Phillies,46,255.2,1394,2658,4052,62.1,93.40,22.2,85.30,,,6.7,77.30,9.1,86.40,,,,
Carlos Villanueva,- - -,49,275,1624,2811,4435,47.4,88.30,18.5,81.90,,,12.6,73.40,21.5,80.60,,,,
Juan Nicasio,- - -,82,424.2,2816,4673,7489,71.6,92.70,21.6,84.00,,,,,6.8,84.90,,,,
Adalberto Mendez,Marlins,5,24.2,162,241,403,63.8,91.20,26.4,80.00,,,,,9.8,85.40,,,,
John Gast,Cardinals,3,12.1,70,114,184,63.6,87.00,,,,,8.2,72.50,28.3,78.40,,,,
Dylan Axelrod,- - -,34,179.2,1237,1935,3172,45.4,88.20,30.5,81.80,,,10.9,73.80,13.2,81.00,,,,
Matthew Boyd,- - -,86,452.1,2796,4967,7763,52.8,91.10,19.1,81.90,,,13.6,73.40,14.5,79.70,,,,
Jamie Moyer,- - -,29,165.1,1012,1654,2666,41.9,80.30,,,28.4,77.70,7.7,69.30,22.1,73.30,,,,
Philip Humber,- - -,50,288.1,1659,2973,4632,49.0,90.30,19.4,83.40,,,19.6,79.30,12.0,84.20,,,,
Michael Lorenzen,Reds,24,119.1,816,1245,2061,63.2,94.00,14.5,85.60,3.4,91.20,11.0,80.40,7.8,85.20,,,,
Sean Reid-Foley,Blue Jays,7,33.1,250,386,636,63.2,93.80,23.4,83.70,,,5.5,81.60,7.9,85.30,,,,
Daisuke Matsuzaka,- - -,59,321,2081,3486,5567,51.6,91.10,20.0,80.80,17.3,89.50,3.6,73.90,5.4,80.90,2.3,82.50,,
Chris Volstad,- - -,83,467.1,2897,4658,7555,59.4,91.10,18.2,84.00,,,10.3,78.50,12.1,84.30,,,,
Jose Alvarez,Tigers,6,28,209,296,505,51.7,89.20,16.6,82.10,,,4.4,73.70,27.3,76.60,,,,
Kris Benson,Diamondbacks,3,14,91,155,246,54.9,88.70,26.0,81.40,,,8.1,73.40,11.0,81.30,,,,
Kyle Drabek,Blue Jays,30,161,1319,1616,2935,62.3,93.10,1.0,89.30,16.0,90.70,10.5,81.40,10.2,85.70,,,,
Luis Atilano,Nationals,16,85.2,544,907,1451,67.0,88.40,14.2,78.20,,,3.8,72.60,15.0,80.40,,,,
Brian Moehler,Astros,8,38.1,276,389,665,51.0,85.70,4.6,81.40,17.7,84.50,7.2,77.00,19.6,79.30,,,,
Archie Bradley,Diamondbacks,34,177.1,1252,1968,3220,70.1,92.40,,,,,23.7,80.20,6.2,85.60,,,,
Braden Shipley,Diamondbacks,14,74.2,537,772,1309,57.2,91.40,,,,,24.3,79.60,18.5,84.40,,,,
Hector Noesi,- - -,53,295,1735,3066,4801,54.9,92.80,15.8,86.80,,,7.4,79.80,21.8,86.50,,,,
Henry Owens,Red Sox,16,85,592,885,1477,58.3,89.00,4.6,77.80,,,11.3,71.60,25.8,77.20,,,,
Chris Rusin,- - -,49,260,1556,2639,4195,45.9,88.80,6.1,81.70,26.6,85.80,5.2,77.90,16.1,80.90,,,,
Mark Leiter,Phillies,11,60.2,371,643,1014,55.9,90.90,2.8,82.70,3.1,88.80,10.0,72.40,10.3,82.60,18.1,84.70,,
Tyler Lyons,Cardinals,20,107.1,574,1105,1679,59.4,89.70,24.1,81.00,,,4.9,75.10,11.6,82.70,,,,
Jeff Francis,- - -,87,460.1,2729,4781,7510,55.0,85.60,0.1,79.10,2.6,84.10,16.4,69.20,25.8,77.30,,,,
Casey Coleman,Cubs,26,136.1,967,1383,2350,59.9,89.60,10.9,80.10,0.1,86.70,13.5,76.40,15.6,81.70,,,,
Brandon Woodruff,Brewers,12,58.2,374,679,1053,62.1,94.30,24.7,86.10,,,0.3,76.70,12.9,84.50,,,,
Jesse Litsch,Blue Jays,17,93,633,940,1573,51.9,89.50,11.6,83.30,16.3,86.60,5.2,76.20,15.1,81.50,,,,
Brian Gordon,Yankees,2,10.1,54,104,158,62.8,88.80,9.8,80.00,6.5,87.20,15.7,69.20,,,5.2,81.30,,
Chris Seddon,Indians,2,10.1,67,103,170,58.6,89.80,16.6,81.80,,,8.3,75.60,16.6,82.20,,,,
Brad Bergesen,Orioles,40,229,1309,2346,3655,64.2,90.30,23.3,82.80,,,1.8,78.50,10.6,82.90,,,,
Henry Sosa,Astros,10,53.1,324,550,874,61.5,93.10,35.8,82.30,,,0.1,78.00,2.5,85.30,,,,
Rich Harden,- - -,33,172,1215,1972,3187,63.5,91.00,1.6,82.20,,,,,34.8,83.00,,,,
Lisalverto Bonilla,- - -,7,37.2,256,351,607,53.8,91.70,6.4,80.60,,,12.1,78.90,27.7,84.00,,,,
Andrew Moore,Mariners,9,51.1,261,526,787,54.0,90.70,13.5,81.50,,,15.9,75.40,16.7,81.30,,,,
Barry Enright,- - -,26,142,809,1432,2241,65.2,89.20,15.0,80.90,,,11.8,75.10,8.0,80.60,,,,
Erik Johnson,- - -,22,117.2,862,1309,2171,60.8,90.80,24.2,85.20,,,7.5,72.60,7.4,81.10,,,,
Tyler Wilson,Orioles,19,104,593,1002,1595,64.3,89.50,20.4,79.50,,,3.8,75.90,11.5,81.60,,,,
Jordan Lyles,- - -,115,635.2,4054,6599,10653,59.1,91.70,9.3,87.00,7.4,86.20,15.3,80.00,8.9,82.30,,,,
Adam Plutko,Indians,12,68,404,719,1123,59.0,91.00,21.0,82.00,,,9.8,75.50,10.2,84.30,,,,
Daniel Bard,Red Sox,10,54.1,383,547,930,62.8,93.10,26.2,80.20,,,,,11.0,86.70,,,,
David Hernandez,Orioles,8,42.1,332,460,792,66.6,93.10,,,,,25.0,80.20,8.4,84.30,,,,
Nick Kingham,Pirates,15,71,443,771,1214,57.3,92.20,18.9,85.40,,,8.3,79.60,15.5,84.50,,,,
Manny Banuelos,Braves,6,25.1,177,277,454,56.8,88.90,10.1,82.70,,,11.5,74.70,21.6,79.50,,,,
Jacob Turner,- - -,56,298.1,1928,2969,4897,63.0,92.10,13.5,85.00,0.5,90.20,14.9,78.50,8.1,85.90,,,,
Chien-Ming Wang,- - -,22,111,650,1061,1711,73.2,90.50,10.5,84.20,,,7.3,77.90,7.2,81.00,1.8,80.40,,
Nick Pivetta,Phillies,58,296,1873,3393,5266,62.1,94.60,16.1,84.30,,,18.6,79.80,3.2,86.90,,,,
Jeff Hoffman,Rockies,23,121,736,1269,2005,64.3,94.30,10.2,83.20,,,17.0,76.70,8.5,86.50,,,,
Dana Eveland,- - -,17,89,598,862,1460,47.5,88.10,16.4,82.30,10.9,88.00,9.5,76.40,15.7,81.90,,,,
Lucas Giolito,- - -,43,234.2,1565,2447,4012,60.5,92.50,13.2,83.90,,,10.8,78.70,15.5,81.80,,,,
Ross Ohlendorf,- - -,46,225.1,1409,2374,3783,62.8,91.30,26.4,80.60,0.1,85.80,,,10.6,82.30,,,,
Shane Greene,- - -,33,173.1,1018,1839,2857,50.1,92.50,13.9,81.20,28.9,87.10,0.5,76.60,6.6,85.80,,,,
Scott Carroll,White Sox,19,106.2,674,1089,1763,59.0,89.60,3.2,81.20,7.6,86.80,13.8,76.60,16.5,82.40,,,,
Mark Hendrickson,Orioles,1,5,19,40,59,52.5,88.20,,,23.7,86.90,20.3,73.50,3.4,81.00,,,,
Graham Godfrey,Athletics,8,40,257,440,697,69.9,89.90,10.7,81.60,,,10.8,76.00,8.6,82.30,,,,
Alex Claudio,Rangers,2,5,29,52,81,58.0,85.70,9.9,76.30,,,,,32.1,70.80,,,,
Chance Adams,Yankees,1,5,30,53,83,72.3,92.80,4.8,83.30,,,21.7,78.10,1.2,85.00,,,,
Jeremy Bonderman,- - -,36,208.1,1256,2090,3346,64.6,89.90,30.7,81.00,,,,,4.7,83.80,,,,
Andre Rienzo,White Sox,21,113.1,815,1184,1999,36.6,90.90,,,36.8,87.10,20.7,77.80,5.4,84.00,0.6,81.50,,
Garrett Mock,Nationals,1,3.1,40,44,84,71.6,88.80,16.1,80.70,,,7.4,75.30,4.9,77.80,,,,
Ryan Weber,- - -,8,40,213,378,591,58.2,89.60,,,4.6,87.90,21.3,76.00,15.9,81.60,,,,
Luis Ortiz,Orioles,1,1.2,17,25,42,61.9,92.30,26.2,84.70,,,,,11.9,85.20,,,,
Tyler Duffey,Twins,37,193,1130,2085,3215,55.6,90.40,0.2,83.00,,,38.7,79.90,5.5,82.50,,,,
Adam Morgan,Phillies,36,194,1115,2019,3134,52.4,90.00,24.4,82.20,,,4.8,75.30,18.5,78.40,,,,
Kyle Lobstein,Tigers,17,92.2,559,916,1475,59.2,87.00,,,19.5,82.30,6.5,75.50,14.8,79.60,,,,
Aneury Rodriguez,Astros,9,46.1,304,452,756,69.9,90.50,20.8,78.60,,,2.8,75.40,6.5,83.90,,,,
Dillon Peters,Marlins,11,56,386,575,961,50.7,91.10,,,,,36.4,77.30,12.9,83.80,,,,
Aaron Cook,- - -,58,317.2,1802,2970,4772,77.0,89.20,9.4,84.80,4.2,89.10,9.4,74.30,0.1,80.40,,,,
Chris O'Grady,Marlins,6,26.1,184,266,450,41.3,87.30,,,35.6,82.40,8.7,74.90,14.4,78.30,,,,
Will Smith,Royals,17,93.2,569,919,1488,59.6,90.40,6.4,80.30,,,22.0,77.60,12.0,85.10,,,,
A.J. Cole,Nationals,19,93.2,630,1053,1683,56.0,92.00,24.2,83.30,,,12.7,77.70,7.1,85.10,,,,
Yohan Pino,- - -,12,65.2,366,722,1088,58.6,88.40,22.8,80.20,,,6.8,73.10,11.9,81.90,,,,
Tim Wakefield,Red Sox,42,252.1,1338,2642,3980,10.8,72.90,,,,,3.2,59.70,,,,,86.0,65.90
Yohan Flande,Rockies,20,101.1,605,1020,1625,59.1,90.50,13.6,83.90,,,,,27.2,85.00,,,,
Nick Blackburn,Twins,71,405,2300,4085,6385,60.5,90.30,,,12.8,87.50,12.4,77.80,14.3,82.80,,,,
Esmil Rogers,- - -,42,221.2,1453,2358,3811,59.3,93.50,18.1,85.90,2.6,90.40,14.4,80.60,5.7,85.60,0.0,87.00,,
John Ely,Dodgers,19,105.2,680,1060,1740,52.0,87.30,,,21.5,85.00,8.4,70.40,18.2,78.40,,,,
Jake Esch,Marlins,3,13,79,135,214,57.6,90.00,31.0,83.90,,,9.1,78.80,2.4,82.40,,,,
P.J. Walters,- - -,23,117,757,1187,1944,51.5,88.70,0.6,75.70,10.3,87.00,24.8,75.70,12.9,78.90,,,,
Brad Mills,- - -,12,60,429,678,1107,59.2,85.90,,,5.2,81.80,13.4,71.70,22.2,75.90,,,,
Josh Outman,- - -,16,77.2,528,806,1334,61.1,92.40,16.5,80.40,,,4.8,74.00,17.6,79.70,,,,
Andrew Werner,Padres,8,40.1,236,430,666,49.6,87.90,12.8,80.10,,,7.4,72.50,30.2,81.20,,,,
Josh Stinson,- - -,2,9.2,54,82,136,60.3,91.40,13.2,86.60,,,12.5,76.50,14.0,84.40,,,,
Brian Tallet,Blue Jays,5,27.1,173,272,445,44.1,88.10,11.1,77.80,27.8,85.60,,,17.0,82.10,,,,
Christian Friedrich,- - -,42,226.1,1399,2388,3787,57.3,90.40,17.7,83.00,,,17.0,76.40,8.0,83.80,,,,
Paolo Espino,Brewers,2,8,58,94,152,51.3,88.70,13.8,80.70,,,24.3,72.30,10.5,82.40,,,,
Kendry Flores,Marlins,2,8,59,85,144,60.0,91.00,1.4,83.00,15.0,84.80,12.1,75.30,11.4,83.30,,,,
Yunesky Maya,Nationals,10,51,298,551,849,54.3,89.00,19.6,80.90,,,13.0,69.60,10.1,81.50,3.1,81.00,,
Brad Lincoln,Pirates,22,116.1,669,1179,1848,66.4,91.80,,,,,23.5,81.60,9.0,84.00,1.1,84.40,,
Eddie Butler,- - -,39,192.2,1272,1977,3249,63.6,93.10,15.7,87.70,,,8.7,80.80,12.0,87.20,,,,
Jo-Jo Reyes,- - -,25,133.2,811,1447,2258,72.2,89.90,11.1,83.80,,,3.8,77.40,12.9,83.20,,,,
Anthony Swarzak,Twins,20,105,587,1087,1674,67.7,91.40,13.8,82.40,,,8.2,78.60,10.3,82.20,,,,
Casey Kelly,- - -,12,58.2,355,627,982,60.7,91.00,5.3,86.10,,,23.9,80.90,10.0,85.40,,,,
Esmerling Vasquez,Twins,6,31.2,220,327,547,48.3,90.80,14.1,78.70,,,9.5,74.20,28.2,81.90,,,,
Jorge Sosa,Marlins,2,6.1,61,77,138,36.6,91.60,39.7,84.80,,,,,23.7,84.70,,,,
Joe Martinez,Giants,1,6.1,32,58,90,68.9,89.20,,,,,16.7,79.10,14.4,77.40,,,,
Logan Verrett,Mets,16,82.1,484,870,1354,55.6,89.70,21.2,82.90,,,9.0,76.80,14.2,83.70,,,,
Kyle Davies,Royals,45,245,1774,2532,4306,47.7,92.40,,,23.0,88.60,13.5,78.00,15.9,83.10,,,,
Andy Sonnanstine,Rays,8,36.1,246,384,630,8.3,87.30,16.5,79.30,57.9,84.80,16.5,74.70,0.8,81.30,,,,
Robbie Ross Jr.,Rangers,12,60,386,683,1069,74.7,90.50,12.0,83.80,,,7.3,76.10,5.9,85.20,,,,
Nate Robertson,Marlins,18,94.2,595,966,1561,60.4,87.80,20.4,81.10,,,3.4,74.70,15.9,81.80,,,,
Christian Bergman,- - -,25,129.1,699,1365,2064,50.7,88.80,24.6,85.20,,,10.2,77.10,14.6,81.10,,,,
Ariel Jurado,Rangers,8,41,233,396,629,72.3,91.80,9.7,85.00,,,8.0,78.00,10.0,84.70,,,,
Zach Duke,- - -,39,213.1,1288,2239,3527,59.0,87.20,9.6,79.00,,,16.0,72.70,15.4,81.10,,,,
Zach Neal,Athletics,6,31.1,145,287,432,58.8,89.80,22.2,85.30,,,2.6,73.30,16.4,82.00,,,,
Brian Matusz,- - -,61,313,1995,3534,5529,61.1,89.90,11.0,82.90,,,11.2,75.70,16.7,82.00,,,,
Liam Hendriks,- - -,42,179.2,1143,1971,3114,67.8,90.60,14.3,82.70,,,9.6,73.40,8.3,82.60,,,,
Dustin McGowan,- - -,13,59.1,424,645,1069,67.7,92.70,19.4,86.50,,,2.7,79.80,10.2,86.10,,,,
Lucas Sims,Braves,10,51.1,325,559,884,46.8,91.60,26.2,86.40,,,13.0,76.20,13.9,83.60,,,,
Chase De Jong,- - -,8,37.1,238,375,613,56.1,89.60,15.2,80.90,,,11.6,76.70,17.1,83.10,,,,
Merandy Gonzalez,Marlins,1,4.2,39,58,97,46.4,92.70,,,,,33.0,77.00,20.6,83.80,,,,
Zach Miner,Phillies,3,9.1,89,109,198,58.6,92.30,13.1,83.70,,,4.0,76.00,24.2,82.70,,,,
Alex White,- - -,30,144,1073,1518,2591,69.7,91.60,16.9,83.70,,,,,,,13.4,86.80,,
David Huff,- - -,34,168.2,1088,1886,2974,65.1,90.80,5.3,82.00,3.2,88.80,7.6,77.60,18.9,81.60,,,,
Keyvius Sampson,Reds,14,60.1,474,731,1205,61.2,92.30,14.0,86.90,,,14.1,76.80,10.6,84.60,,,,
Todd Wellemeyer,Giants,11,55.2,371,562,933,67.8,90.20,20.7,82.50,,,4.0,76.40,3.2,79.80,4.4,78.40,,
Blake Hawksworth,Cardinals,8,41.2,268,439,707,58.8,92.60,,,6.1,88.00,8.5,77.30,26.6,83.50,,,,
Trevor May,Twins,26,127.2,764,1399,2163,60.6,92.10,8.0,83.20,,,13.9,76.60,17.6,84.30,,,,
Scott Olsen,Nationals,15,75,434,802,1236,49.9,89.60,30.8,81.70,,,,,19.3,83.20,,,,
Carlos Monasterios,Dodgers,13,53.1,378,586,964,65.8,89.90,8.8,81.80,,,10.0,75.50,15.5,77.60,,,,
Brock Stewart,Dodgers,11,45.2,282,526,808,63.1,92.60,15.8,85.10,,,,,21.1,81.60,,,,
Daniel Gossett,Athletics,23,115.2,735,1239,1974,52.5,91.80,23.8,84.60,,,13.3,78.60,10.4,84.40,,,,
Sergio Mitre,Yankees,3,13.2,96,124,220,72.3,88.80,5.0,81.00,,,6.8,77.10,15.9,81.90,,,,
Tyler Glasnow,- - -,28,129,890,1405,2295,65.7,95.20,5.4,84.90,,,20.9,80.30,8.1,89.10,,,,
Oliver Perez,Mets,7,33.1,278,385,663,64.5,88.10,20.4,76.60,,,,,15.1,84.40,,,,
Josh Lindblom,- - -,6,31.2,223,354,577,50.2,90.10,24.5,83.90,,,13.0,69.60,12.3,82.90,,,,
Scott Atchison,Red Sox,1,3,17,35,52,51.9,91.30,36.5,86.80,,,9.6,77.40,1.9,85.00,,,,
Jeff Manship,- - -,5,27,172,265,437,56.3,89.30,20.1,81.90,,,11.8,79.10,11.8,83.40,,,,
Chris Beck,White Sox,1,6,37,64,101,54.5,91.80,12.9,84.90,,,3.0,77.00,29.7,83.40,,,,
Eric Skoglund,Royals,18,82,498,850,1348,61.0,91.20,3.2,85.60,,,24.6,80.80,11.3,85.50,,,,
Dallas Beeler,Cubs,5,19.1,150,208,358,43.8,89.50,,,36.4,88.40,14.6,78.80,,,5.2,84.80,,
Jeff Brigham,Marlins,4,16.1,129,187,316,61.1,92.90,30.4,80.00,,,,,8.5,85.90,,,,
Joe Biagini,Blue Jays,22,106.2,652,1170,1822,52.6,93.30,11.3,89.30,,,21.0,78.20,15.2,85.80,,,,
Sean O'Sullivan,- - -,46,250.1,1602,2600,4202,56.9,90.50,16.0,79.20,0.3,86.50,11.5,75.80,15.4,79.10,,,,
Chad Green,Yankees,9,38.1,277,446,723,53.9,94.30,29.2,84.10,14.1,90.10,,,2.8,85.90,,,,
Josh Smith,Reds,9,38.1,295,455,750,49.9,90.10,26.0,84.00,,,14.2,77.20,10.0,79.40,,,,
Ian Snell,Mariners,8,35.1,265,413,678,63.1,90.90,14.3,84.60,,,6.7,79.30,15.9,85.10,,,,
John Maine,Mets,9,39.2,313,466,779,75.0,88.70,12.5,82.70,,,0.4,78.30,12.1,82.90,,,,
Jorge Lopez,- - -,9,44,272,487,759,55.7,93.50,9.5,87.00,,,22.4,81.10,12.4,87.70,,,,
Aaron Slegers,Twins,5,22,118,208,326,66.9,90.30,21.5,83.20,,,,,11.7,84.40,,,,
Tony Pena,White Sox,3,19,103,194,297,51.2,93.80,23.4,85.30,,,2.8,79.30,22.7,84.10,,,,
Allen Webster,- - -,23,112.1,744,1120,1864,61.1,92.40,13.9,84.20,,,1.9,77.30,23.1,84.20,,,,
Tyler Cloyd,Phillies,17,87.1,533,953,1486,48.0,86.30,,,31.4,84.20,11.2,76.60,9.4,80.50,,,,
Manny Parra,Brewers,16,84.1,599,950,1549,55.8,92.50,4.0,84.40,,,16.1,77.60,6.7,84.50,17.4,84.90,,
Domingo German,Yankees,14,68.1,412,758,1170,48.6,94.60,,,,,35.7,81.80,15.7,87.60,,,,
Nate Adcock,Royals,5,20.1,116,209,325,67.4,90.70,15.1,84.40,,,4.9,81.50,12.6,85.90,,,,
Clay Hensley,Marlins,9,42,271,423,694,59.3,86.40,15.2,79.10,,,10.6,68.80,15.0,80.80,,,,
Greg Smith,Rockies,8,39,276,430,706,47.0,86.00,16.8,81.60,,,9.6,72.80,26.6,78.10,,,,
John Lamb,- - -,27,129.2,882,1496,2378,53.0,90.10,0.0,79.00,19.4,85.50,11.0,68.20,16.6,75.50,,,,
Alec Asher,- - -,18,86.1,538,925,1463,56.9,90.60,11.9,83.70,9.2,88.20,10.3,79.10,11.7,82.10,,,,
Dylan Covey,White Sox,33,168.1,1104,1745,2849,61.0,93.50,13.6,86.60,3.9,90.70,9.9,80.10,,,11.6,84.50,,
Jackson Stephens,Reds,4,18.2,117,217,334,62.2,93.30,11.1,84.50,,,20.7,76.40,6.0,84.90,,,,
Zach Lee,- - -,2,10,75,105,180,51.1,89.90,26.1,87.20,,,10.0,73.40,12.8,83.50,,,,
Tyrell Jenkins,Braves,8,40,303,387,690,66.6,90.80,,,,,14.4,79.00,19.0,81.80,,,,
Brian Bannister,Royals,23,126.2,856,1284,2140,33.9,90.00,,,33.9,88.10,12.6,75.30,19.6,84.40,,,,
Jose De Leon,Dodgers,4,17,113,189,302,66.1,91.60,11.4,80.40,,,1.3,74.30,21.1,81.50,,,,
Bryan Bullington,Royals,5,28.1,175,296,471,63.9,92.20,28.5,82.50,,,0.7,76.70,6.9,86.80,,,,
Artie Lewicki,Tigers,4,18.1,113,203,316,55.2,91.40,22.9,85.80,,,16.2,77.10,5.7,83.30,,,,
Mike Wright,Orioles,23,111,781,1207,1988,68.9,93.00,17.5,82.50,2.0,88.90,2.6,77.20,9.0,80.50,,,,
David Holmberg,- - -,19,84,656,910,1566,56.1,87.80,9.3,79.80,,,9.6,73.10,25.0,81.40,,,,
Joe Wieland,- - -,10,49,333,528,861,60.2,90.40,5.7,81.00,,,20.5,77.10,13.7,84.00,,,,
Erick Fedde,Nationals,14,65.2,496,747,1243,56.1,93.50,11.0,81.50,12.5,87.80,8.4,77.20,12.1,87.20,,,,
Hiram Burgos,Brewers,6,29.1,196,338,534,50.0,87.80,,,11.4,83.10,22.3,70.80,16.3,80.40,,,,
Fernando Abad,Astros,6,22.1,161,261,422,56.9,89.30,,,,,32.2,77.60,10.9,75.80,,,,
Spencer Turnbull,Tigers,3,15.1,94,178,272,63.6,94.10,13.2,88.70,,,18.4,81.10,4.8,87.40,,,,
Daniel McCutchen,Pirates,9,43,294,445,739,56.8,89.80,14.7,83.50,,,6.6,78.40,,,22.0,81.90,,
Anthony Ranaudo,- - -,14,73.1,481,804,1285,61.6,91.30,6.9,82.80,,,22.9,78.60,8.6,83.60,,,,
Matt Magill,Dodgers,6,27.2,236,313,549,57.3,90.80,31.0,84.00,,,5.7,79.70,6.1,82.20,,,,
Chris Schwinden,Mets,6,29,202,323,525,50.7,89.00,,,22.0,86.40,14.5,74.60,12.9,81.50,,,,
Matt Palmer,Angels,4,20.2,136,210,346,38.6,89.70,,,33.9,87.70,21.5,76.50,5.9,84.20,,,,
Ethan Martin,Phillies,8,33,270,376,646,64.0,92.90,20.3,84.70,,,9.4,75.20,6.4,85.30,,,,
Zeke Spruill,Diamondbacks,3,12.1,80,141,221,70.1,91.30,17.7,81.40,,,9.5,74.50,2.7,83.30,,,,
Andrew Miller,- - -,19,86,658,968,1626,61.5,91.80,20.6,77.90,,,,,17.9,83.00,,,,
Kohl Stewart,Twins,4,16.1,143,188,331,72.5,92.90,4.5,88.90,,,14.2,78.80,8.8,87.90,,,,
Phil Klein,- - -,4,16.1,101,203,304,57.1,90.90,26.7,84.90,,,4.6,79.70,11.6,84.50,,,,
Brandon Maurer,Mariners,21,102,678,1062,1740,51.8,92.30,20.5,86.30,7.5,89.70,9.4,74.40,10.8,84.70,,,,
Wesley Wright,Astros,4,19,128,216,344,60.0,88.40,9.1,81.20,,,22.7,76.10,8.2,83.00,,,,
Tyler Cravy,Brewers,9,38,270,397,667,54.2,90.50,14.7,84.20,,,8.6,78.30,22.5,84.10,,,,
Gil Meche,Royals,9,48.2,384,555,939,54.8,92.50,17.8,87.00,,,17.7,77.40,9.7,84.40,,,,
Johnny Hellweg,Brewers,7,29.2,262,326,588,78.4,93.80,,,,,13.4,79.70,8.2,84.70,,,,
Carson Fulmer,White Sox,13,49.2,405,573,978,54.4,93.00,,,22.8,88.50,9.3,81.00,13.5,86.20,,,,
Justin Grimm,Rangers,19,96,631,1025,1656,58.8,91.40,2.2,84.70,,,28.0,77.80,11.0,82.70,,,,
Tom Wilhelmsen,Mariners,2,4,35,56,91,71.4,95.70,,,7.7,88.60,11.0,79.60,9.9,88.20,,,,
Ranger Suarez,Phillies,3,12,74,117,191,59.2,91.80,17.8,82.40,,,2.6,77.80,20.4,84.50,,,,
Brett Kennedy,Padres,6,26.2,204,299,503,67.4,91.40,23.3,82.40,,,0.8,78.30,8.6,82.90,,,,
Austin Voth,Nationals,2,9.1,61,111,172,61.6,91.40,10.5,86.70,,,18.0,78.60,9.9,85.50,,,,
Enyel De Los Santos,Phillies,2,10.2,63,110,173,62.4,93.90,4.1,80.40,,,13.9,77.00,19.7,86.80,,,,
Jefry Rodriguez,Nationals,8,38.2,286,417,703,65.2,95.40,,,,,21.5,81.00,13.4,89.40,,,,
Scott Alexander,Dodgers,1,1.1,8,11,19,94.7,93.20,5.3,86.00,,,,,,,,,,
Jon Moscot,Reds,8,33,232,369,601,53.9,90.90,24.0,82.60,,,11.2,76.60,10.9,81.80,,,,
Sean Nolin,- - -,7,30.1,213,321,534,53.9,87.00,11.1,82.20,5.1,83.20,11.4,73.80,18.6,76.70,,,,
Charlie Furbush,- - -,12,59.1,388,644,1032,57.9,90.70,,,10.1,80.60,20.1,76.10,11.9,80.40,,,,
Pat Dean,Twins,9,43.1,291,447,738,60.4,89.20,19.3,85.00,,,9.0,76.50,11.3,84.00,,,,
Cody Reed,Reds,18,81,575,918,1493,51.0,92.60,38.0,87.20,,,,,11.0,86.00,,,,
Rob Whalen,- - -,6,30,213,327,540,66.0,89.10,21.0,80.60,,,5.4,75.20,7.6,82.40,,,,
Alfredo Figaro,- - -,6,30,168,335,503,61.2,94.90,23.5,82.20,,,10.3,80.20,5.0,84.90,,,,
Yefry Ramirez,Orioles,12,53.1,437,622,1059,52.4,92.50,22.1,87.20,,,,,25.5,86.10,,,,
Ross Wolf,Rangers,3,13,74,126,200,63.5,90.00,9.0,80.30,,,,,27.5,85.40,,,,
Ryan Rowland-Smith,Mariners,20,101.1,625,1058,1683,58.1,88.30,7.7,78.80,,,12.4,70.90,21.9,79.60,,,,
Anthony Banda,- - -,5,24.2,142,244,386,64.3,94.10,,,,,15.0,80.80,20.7,85.90,,,,
Chris Smith,Athletics,9,46.2,341,469,810,53.3,85.30,25.8,76.60,,,,,20.9,74.50,,,,
Ramon Ortiz,- - -,8,33.2,241,379,620,42.0,89.70,40.0,82.20,,,,,18.1,84.10,,,,
Doug Davis,- - -,17,84,678,976,1654,31.4,84.40,,,40.1,81.30,16.9,69.10,11.6,77.90,,,,
Jacob Nix,Padres,9,42.1,234,422,656,62.5,93.00,3.7,81.10,,,19.7,76.80,14.2,80.50,,,,
David Paulino,Astros,7,32,226,373,599,46.7,92.50,19.8,82.10,,,19.1,75.60,14.4,82.10,,,,
Kris Johnson,- - -,4,15.1,122,186,308,65.9,91.60,14.3,83.00,2.0,83.30,2.3,75.60,15.6,84.00,,,,
Andrew Oliver,Tigers,7,31.2,259,345,604,64.6,93.90,26.1,83.60,,,,,9.3,84.90,,,,
Chad Reineke,Reds,1,6.1,47,52,99,50.5,87.10,42.4,79.40,,,,,7.1,79.40,,,,
Eric Surkamp,- - -,16,68,509,754,1263,52.7,88.40,,,16.0,85.60,21.3,76.80,9.9,80.20,,,,
Drew Anderson,Phillies,1,5,30,64,94,58.5,92.70,26.6,84.00,,,8.5,73.80,6.4,84.20,,,,
Kolby Allard,Braves,1,5,33,48,81,66.7,89.10,,,,,11.1,73.10,22.2,80.00,,,,
Luis Perez,Blue Jays,4,18.2,140,205,345,74.6,92.40,14.3,82.50,,,,,11.1,82.60,,,,
Raul Alcantara,Athletics,9,37.1,261,410,671,64.5,94.00,5.8,87.20,7.0,88.80,3.4,81.30,19.2,85.60,,,,
Tyler Wagner,Brewers,3,13.2,98,149,247,44.1,89.70,10.9,78.00,26.7,88.90,,,18.2,84.40,,,,
Phil Irwin,- - -,2,8.2,73,103,176,59.7,89.00,,,,,31.3,80.90,9.1,82.40,,,,
Yohander Mendez,Rangers,5,21,165,219,384,59.5,91.80,14.4,84.10,,,4.7,78.70,21.4,82.70,,,,
D.J. Carrasco,Mets,1,3.2,39,47,86,22.1,88.40,14.0,78.50,33.7,85.70,19.8,74.90,10.5,82.90,,,,
Chris Jakubauskas,- - -,7,28,181,309,490,66.9,89.60,7.1,86.10,,,22.0,76.40,4.0,81.10,,,,
Billy Buckner,- - -,6,26.2,184,290,474,55.0,87.60,,,4.3,84.10,22.4,78.10,18.3,81.30,,,,
Justin Germano,- - -,13,63,389,672,1061,52.5,86.30,6.1,78.40,,,31.8,70.40,9.6,81.40,,,,
Ryan Carpenter,Tigers,5,21.2,149,257,406,51.7,89.90,27.6,80.60,,,10.1,76.40,10.6,82.10,,,,
Amir Garrett,Reds,14,67.1,452,738,1190,61.9,91.60,22.1,79.30,,,,,16.1,80.70,,,,
Dustin Nippert,Rangers,2,6,55,101,156,69.2,94.00,0.6,84.00,,,14.1,75.70,16.0,82.60,,,,
Zach Stewart,- - -,14,74.1,427,773,1200,63.4,90.60,23.6,83.80,,,6.2,76.90,6.8,83.30,,,,
Aaron Brooks,- - -,10,49,300,516,816,59.9,91.50,15.2,85.30,,,4.4,77.50,20.5,82.40,,,,
Adam Ottavino,Cardinals,3,14.1,104,162,266,74.5,92.50,11.4,83.20,,,,,14.1,85.20,,,,
Caleb Ferguson,Dodgers,3,10.2,76,130,206,73.3,92.70,,,,,21.4,74.70,5.3,85.50,,,,
Matt Maloney,Reds,4,15.1,106,202,308,54.8,87.10,12.9,82.60,,,3.3,73.60,29.0,78.70,,,,
Deck McGuire,- - -,6,17.2,141,222,363,56.5,92.60,19.6,83.70,,,11.3,76.20,12.7,86.30,,,,
James Russell,- - -,6,22.1,136,270,406,52.6,87.00,26.4,78.70,0.8,86.70,6.5,74.20,13.7,79.80,,,,
Sean West,Marlins,2,9.1,59,99,158,53.3,90.30,27.6,80.90,,,,,19.1,82.10,,,,
Glen Perkins,Twins,1,4.2,27,46,73,77.8,92.20,13.9,82.90,,,,,8.3,85.20,,,,
Sergio Romo,Rays,5,4.2,41,59,100,37.0,86.30,59.0,76.30,,,,,4.0,80.50,,,,
Kyle Weiland,- - -,8,39.1,295,414,709,57.4,91.80,,,23.5,85.70,11.3,77.90,7.8,83.60,,,,
Clay Holmes,Pirates,4,15,123,152,275,69.5,94.80,,,11.3,88.60,14.6,81.80,4.7,86.40,,,,
Pedro Hernandez,- - -,14,61,441,668,1109,57.7,88.60,,,15.6,84.00,8.3,74.90,18.4,82.90,,,,
Aaron Blair,Braves,16,73,516,773,1289,58.1,90.90,1.5,81.70,,,21.8,78.40,18.6,84.70,,,,
Severino Gonzalez,Phillies,7,30.2,187,366,553,66.6,88.90,14.3,77.40,0.5,87.00,3.4,76.60,15.2,82.90,,,,
Rudy Owens,Astros,1,5.2,32,59,91,62.6,87.70,,,,,17.6,77.20,19.8,77.60,,,,
Casey Lawrence,Blue Jays,2,11.1,71,121,192,62.5,90.70,10.9,81.50,,,5.2,77.00,21.4,82.30,,,,
Buck Farmer,Tigers,20,85.2,603,996,1599,60.2,92.00,16.5,80.70,0.4,86.30,2.9,77.80,19.9,85.10,,,,
Trevor Oaks,Royals,2,9,57,103,160,54.4,89.30,28.8,81.70,11.9,85.80,,,5.0,82.40,,,,
Scott Copeland,Blue Jays,3,12.1,68,143,211,63.0,90.30,19.0,79.30,,,7.6,73.30,10.4,84.70,,,,
Brandon Dickson,Cardinals,1,3.1,17,36,53,52.8,89.90,35.9,82.60,,,,,11.3,78.80,,,,
Toru Murata,Indians,1,3.1,27,42,69,60.9,86.70,14.5,75.00,,,8.7,66.70,,,15.9,78.30,,
Brooks Raley,Cubs,5,24.1,169,246,415,49.6,88.20,,,28.7,85.30,12.3,76.00,9.4,82.80,,,,
Charlie Leesman,White Sox,2,7.2,78,108,186,62.9,88.50,30.7,79.50,,,,,6.5,79.50,,,,
Tyler Beede,Giants,2,7.2,69,97,166,51.8,92.30,5.4,87.40,,,13.3,78.80,29.5,81.20,,,,
Chris Flexen,Mets,10,44.2,336,511,847,60.1,92.10,22.8,85.80,0.4,88.70,7.6,76.50,9.2,81.90,,,,
Burch Smith,- - -,13,53.1,360,631,991,64.1,91.90,,,,,18.2,77.00,17.6,81.30,,,,
Thomas Diamond,Cubs,3,13,108,163,271,66.9,89.00,9.9,76.50,,,2.3,73.30,20.9,80.50,,,,
Mitch Atkins,Orioles,3,10.2,92,139,231,55.4,90.90,24.7,85.10,,,15.2,77.60,4.8,83.40,,,,
Brian Sanches,Marlins,2,5.1,36,80,116,53.6,86.90,24.1,81.20,,,2.7,73.00,,,19.6,77.20,,
Josh Rogers,Orioles,3,11.2,79,133,212,56.1,89.50,22.2,81.20,,,11.8,78.70,9.9,80.70,,,,
Cesar Valdez,- - -,6,24.1,178,285,463,51.2,88.10,9.5,81.40,,,,,39.3,83.20,,,,
Anthony Lerew,Royals,6,26.1,165,294,459,57.8,90.40,11.7,79.30,,,2.4,71.10,28.0,81.20,,,,
Rookie Davis,Reds,6,22,195,276,471,63.9,92.50,20.0,86.30,,,9.3,82.20,5.9,86.60,0.9,84.50,,
Asher Wojciechowski,- - -,11,47.1,317,578,895,59.6,92.10,24.8,81.00,3.1,87.30,,,12.5,83.50,,,,
Anthony Vasquez,Mariners,7,29.1,207,350,557,57.1,85.20,,,,,11.1,69.40,31.8,73.70,,,,
Brad Thomas,Tigers,2,6,60,74,134,69.5,91.60,15.3,84.50,,,6.9,77.00,8.4,83.90,,,,
Alan Johnson,Rockies,1,4,40,53,93,48.4,87.60,23.7,81.50,,,19.4,79.30,8.6,83.00,,,,
Joel Carreno,Blue Jays,2,9,65,96,161,50.9,90.90,37.3,79.60,,,,,11.8,83.30,,,,
Jerry Blevins,Mets,1,2,10,19,29,44.8,87.80,,,,,44.8,71.30,10.3,82.30,,,,
Jeremy Jeffress,Brewers,1,2,8,23,31,61.3,95.10,,,,,9.7,80.70,29.0,90.30,,,,
Jay Buente,Marlins,1,3,27,35,62,58.1,88.40,,,,,11.3,75.90,,,30.7,81.50,,
Omar Beltre,Rangers,2,7,72,85,157,67.1,92.60,19.1,80.80,,,,,9.2,83.40,4.6,82.30,,
Josh Lucas,Athletics,1,2,22,30,52,53.9,90.10,36.5,82.40,,,9.6,82.40,,,,,,
Yimi Garcia,Dodgers,1,2,15,28,43,69.8,93.20,14.0,82.30,11.6,88.80,,,4.7,86.50,,,,
Frank Garces,Padres,1,2,13,26,39,53.9,89.80,,,,,41.0,75.10,5.1,81.50,,,,
William Cuevas,Red Sox,1,2,9,29,38,47.4,91.80,18.4,85.40,,,13.2,80.40,21.1,83.60,,,,
Kyle Lloyd,Padres,1,4,36,47,83,47.0,85.80,15.7,80.20,,,,,,,37.4,79.70,,
Jace Fry,White Sox,1,1,13,17,30,30.0,92.80,30.0,88.20,,,30.0,79.60,10.0,87.30,,,,
Brian Flynn,- - -,6,24.1,185,285,470,65.1,90.70,16.0,82.20,,,10.4,73.80,8.5,82.20,,,,
Drew VerHagen,Tigers,4,17.1,128,198,326,60.4,92.90,14.1,85.10,,,18.7,77.30,2.8,87.80,4.0,81.90,,
Chad Bell,Tigers,4,15.1,128,194,322,61.2,92.30,13.7,84.70,,,15.5,81.00,9.6,86.30,,,,
Casey Crosby,Tigers,3,12.1,100,141,241,53.5,90.00,,,7.5,88.00,22.4,75.90,16.6,80.70,,,,
Logan Darnell,Twins,4,18,115,205,320,55.3,89.60,20.6,82.90,,,5.3,69.00,18.8,80.80,,,,
Dillon Overton,- - -,7,29.1,201,395,596,50.8,88.30,,,5.2,84.50,9.9,73.30,34.1,79.00,,,,
Matt Barnes,Red Sox,2,10.1,71,127,198,57.1,93.70,2.0,86.30,,,20.2,81.00,20.7,85.10,,,,
Rick VandenHurk,Orioles,3,9.1,100,117,217,64.5,92.50,20.7,82.40,,,5.1,72.50,9.7,84.50,,,,
Walker Lockett,Padres,3,13,103,149,252,53.6,92.30,,,1.2,88.70,24.6,80.50,20.6,86.00,,,,
Charlie Haeger,Dodgers,6,23,235,289,524,21.5,83.40,10.0,79.30,,,,,,,,,68.5,71.10
Tanner Scheppers,Rangers,4,18.1,135,211,346,73.1,93.70,21.4,81.70,,,,,5.5,87.60,,,,
Brady Rodgers,Astros,1,3.2,35,47,82,48.8,89.30,35.4,79.30,3.7,86.30,4.9,72.50,7.3,81.80,,,,
Edgar Olmos,Mariners,2,6.1,68,69,137,64.4,92.20,,,,,13.3,77.30,22.2,84.60,,,,
Cody Martin,- - -,4,16,128,172,300,54.0,88.00,19.7,84.40,,,22.3,73.90,4.0,83.70,,,,
Dayan Diaz,Astros,1,2.2,14,30,44,72.7,93.60,20.5,84.90,,,,,6.8,84.30,,,,
Zack Littell,Twins,2,7,60,96,156,60.3,91.60,,,14.1,86.80,14.1,74.70,11.5,85.50,,,,
Kameron Loe,Braves,1,4.1,38,64,102,55.9,89.40,,,25.5,88.50,9.8,78.40,6.9,83.40,2.0,85.50,,
Tim Melville,- - -,3,10.1,99,137,236,60.6,92.20,19.9,85.00,,,16.5,80.30,3.0,87.90,,,,
Adam Wilk,- - -,5,18,135,231,366,54.1,87.50,,,14.5,82.40,10.4,77.60,21.0,81.00,,,,
Miguel Castro,Orioles,2,6,46,73,119,62.2,93.70,23.5,83.10,,,,,14.3,85.50,,,,
Felix Jorge,Twins,2,7.2,57,92,149,49.7,92.40,14.8,83.00,6.7,88.90,5.4,77.40,23.5,85.00,,,,
Raul Valdes,- - -,3,11,82,137,219,64.7,86.10,26.5,75.80,,,,,8.8,73.80,,,,
Scot Shields,Angels,1,1.2,22,30,52,75.0,91.40,,,,,25.0,79.80,,,,,,
P.J. Conlon,Mets,2,5.2,45,57,102,59.8,86.40,13.7,81.80,,,2.0,76.00,24.5,77.40,,,,
Sean Gilmartin,Mets,2,5.2,42,67,109,58.1,88.60,15.2,79.10,,,4.8,71.00,21.9,78.00,,,,
Edwar Cabrera,Rockies,2,5.2,68,78,146,61.4,90.40,,,,,11.7,74.80,26.9,81.30,,,,
Donn Roach,- - -,2,6.1,43,64,107,59.4,88.80,,,,,27.4,74.60,,,13.2,83.90,,
Drew Gagnon,Mets,1,4.2,35,46,81,61.7,91.30,1.2,85.00,,,9.9,77.00,27.2,81.40,,,,
Stephen Gonsalves,Twins,4,12.1,123,164,287,56.1,89.80,19.2,83.90,,,7.7,71.50,17.1,81.60,,,,
Drew Rucinski,Angels,1,2.2,35,42,77,73.7,90.10,9.2,81.10,,,,,7.9,80.00,9.2,81.90,,
Taylor Hill,Nationals,1,4.2,35,55,90,62.8,89.50,17.4,85.20,,,14.0,74.80,5.8,83.40,,,,
T.J. McFarland,- - -,3,8,59,110,169,68.6,89.60,11.2,83.20,,,6.5,81.00,13.6,83.10,,,,
Phillippe Aumont,Phillies,1,4,48,56,104,69.2,92.50,,,,,28.9,79.90,,,1.9,84.00,,
Josh Banks,Astros,1,4,37,47,84,51.2,84.30,33.3,82.50,,,2.4,70.00,,,11.9,77.60,1.2,74.00
Jalen Beeks,Red Sox,1,4,31,57,88,48.9,92.00,,,20.5,88.30,17.1,74.70,13.6,84.60,,,,
Evan Phillips,Orioles,1,2,8,17,25,76.0,91.80,16.0,84.80,,,,,8.0,86.00,,,,
Eddie Bonine,Tigers,1,3.1,24,41,65,55.6,88.10,19.1,76.80,,,,,,,,,25.40,81.60
Michael Roth,Angels,1,3.1,29,46,75,61.3,88.90,13.3,79.10,1.3,88.00,1.3,73.00,22.7,81.10,,,,
Mike Kickham,Giants,3,10.1,94,137,231,56.8,90.60,32.2,83.30,,,5.3,78.80,5.7,83.40,,,,
Edwin Escobar,Diamondbacks,2,7,65,86,151,70.8,91.80,,,,,25.9,80.00,3.4,82.60,,,,
Jen-Ho Tseng,Cubs,2,5,36,73,109,48.6,91.30,,,12.8,85.50,13.8,77.10,24.8,84.80,,,,
Luke Farrell,- - -,3,8.2,80,117,197,59.4,90.80,28.9,82.40,,,8.1,75.60,,,3.6,83.10,,
Pedro Villarreal,Reds,1,3.2,31,53,84,57.8,91.10,22.9,80.60,18.1,87.20,,,1.2,85.00,,,,
Mike Hauschild,Blue Jays,1,2.1,25,26,51,47.1,89.90,23.5,82.30,,,,,23.5,82.80,5.9,82.70,,
Nik Turley,Twins,3,9.1,75,107,182,59.9,93.10,15.9,79.50,,,16.5,77.10,7.7,87.40,,,,
Tyler Clippard,Blue Jays,1,1,10,18,28,42.9,90.10,,,14.3,83.50,,,32.1,76.70,10.7,82.30,,
Noe Ramirez,Angels,1,1,7,15,22,31.8,89.90,45.5,77.20,,,,,22.7,85.00,,,,
Myles Jaye,Tigers,2,5.1,53,80,133,63.2,89.70,22.6,82.20,,,9.0,75.60,5.3,83.60,,,,
Wilfredo Boscan,Pirates,1,3,26,42,68,70.6,90.10,,,,,10.3,75.30,19.1,81.70,,,,
Dan Runzler,Giants,1,1.2,23,26,49,79.6,95.00,20.4,85.00,,,,,,,,,,
Fernando Nieve,Mets,1,2,28,34,62,67.7,93.20,3.2,82.50,,,16.1,76.40,12.9,84.10,,,,
Taylor Cole,Angels,2,2.1,30,41,71,45.1,92.30,31.0,86.30,,,,,23.9,85.80,,,,
Sam Dyson,Marlins,1,2.2,29,34,63,88.9,90.20,,,,,1.6,78.00,9.5,84.50,,,,
Elih Villanueva,Marlins,1,3,40,52,92,65.5,89.10,17.2,81.90,,,2.3,72.00,14.9,82.00,,,,
Michael Blazek,Brewers,1,2.1,20,41,61,54.1,91.80,14.8,83.90,,,11.5,76.60,19.7,85.00,,,,
Ryan Verdugo,Royals,1,1.2,24,31,55,63.6,89.00,21.8,81.10,,,1.8,72.00,12.7,81.30,,,,
Jaime Schultz,Rays,1,0.2,13,19,32,40.6,95.70,40.6,87.20,,,18.8,81.50,,,,,,
Mike Mayers,Cardinals,1,1.1,24,38,62,65.6,93.30,9.8,86.00,,,,,24.6,85.10,,,,
Onelki Garcia,Royals,1,0.1,8,15,23,65.2,93.30,,,,,13.0,84.70,21.7,85.40,,,,
Jonny Venters,Rays,1,0.1,12,11,23,69.6,93.00,8.7,84.50,,,,,21.7,86.60,,,,
Ryan Meisinger,Orioles,1,0.1,10,11,21,52.4,90.50,47.6,80.50,,,,,,,,,,
